path	bytes	mtime
configs/aug_smoke.yaml	1740	2026-07-15 12:52
configs/col_fr_aug03.yaml	1703	2026-07-15 12:52
configs/col_fr_aug05.yaml	1703	2026-07-15 12:52
configs/col_fr_noaug.yaml	1703	2026-07-15 12:52
configs/collision_app03_scale03_id1k.yaml	1747	2026-07-15 12:52
configs/collision_app03_scale03_np20_id1k.yaml	1758	2026-07-15 12:52
configs/collision_app05_scale03_id1k.yaml	1747	2026-07-15 12:52
configs/collision_aug03_np20_id1k.yaml	1729	2026-07-15 12:52
configs/collision_aug03_np8_id1k.yaml	1726	2026-07-15 12:52
configs/collision_aug05_np20_id1k.yaml	1729	2026-07-15 12:52
configs/collision_aug05_np8_id1k.yaml	1726	2026-07-15 12:52
configs/collision_baseline_fr_id1k.yaml	1599	2026-07-15 12:52
configs/collision_baseline_fr_np12_id1k.yaml	1718	2026-07-15 12:52
configs/collision_baseline_fr_np16_id1k.yaml	1718	2026-07-15 12:52
configs/collision_baseline_fr_np16_s1_id1k.yaml	1721	2026-07-15 12:52
configs/collision_baseline_fr_np18_id1k.yaml	1741	2026-07-15 12:52
configs/collision_baseline_fr_np20_id1k.yaml	1718	2026-07-15 12:52
configs/collision_baseline_fr_np20_s1_id1k.yaml	1744	2026-07-15 12:52
configs/collision_baseline_fr_np24_id1k.yaml	1718	2026-07-15 12:52
configs/collision_baseline_fr_s1234.yaml	1778	2026-07-15 12:52
configs/collision_baseline_fr_s42.yaml	1772	2026-07-15 12:52
configs/collision_baseline_tf_id1k.yaml	1601	2026-07-15 12:52
configs/collision_baseline_tf_s1234.yaml	1780	2026-07-15 12:52
configs/collision_baseline_tf_s42.yaml	1774	2026-07-15 12:52
configs/collision_grounded_const_id1k.yaml	1783	2026-07-15 12:52
configs/collision_labelfree_const_id1k.yaml	1784	2026-07-15 12:52
configs/collision_paperinit_id1k.yaml	1334	2026-07-15 12:52
configs/collision_piwm_const_fr_id1k.yaml	1780	2026-07-15 12:52
configs/collision_piwm_const_np20_id1k.yaml	1785	2026-07-15 12:52
configs/collision_piwm_mf4_id1k.yaml	1350	2026-07-15 12:52
configs/collision_piwm_mf4posonly_id1k.yaml	1346	2026-07-15 12:52
configs/collision_piwm_posvel_id1k.yaml	1356	2026-07-15 12:52
configs/collision_piwm_probe_id1k.yaml	1336	2026-07-15 12:52
configs/collision_probeF2_fr.yaml	1783	2026-07-15 12:52
configs/collision_probeF2_structpos_pw30_fr.yaml	1812	2026-07-15 12:52
configs/collision_rerun_w10p0_f2_id1k.yaml	1363	2026-07-15 12:52
configs/collision_rerun_w1p0_f2_id1k.yaml	1360	2026-07-15 12:52
configs/collision_rerun_w5p0_f2_id1k.yaml	1360	2026-07-15 12:52
configs/collision_sc03_np18_id1k.yaml	1740	2026-07-15 12:52
configs/collision_sc03_np24_id1k.yaml	1740	2026-07-15 12:52
configs/collision_sc04_np18_id1k.yaml	1740	2026-07-15 12:52
configs/collision_sc04_np20_id1k.yaml	1740	2026-07-15 12:52
configs/collision_sc05_np20_id1k.yaml	1740	2026-07-15 12:52
configs/collision_sc05_np20_s1_id1k.yaml	1757	2026-07-15 12:52
configs/collision_sc05_np20_s2_id1k.yaml	1757	2026-07-15 12:52
configs/collision_sc06_np20_id1k.yaml	1754	2026-07-15 12:52
configs/collision_scale02_id1k.yaml	1735	2026-07-15 12:52
configs/collision_scale03_id1k.yaml	1735	2026-07-15 12:52
configs/collision_scale03_np20_id1k.yaml	1746	2026-07-15 12:52
configs/collision_scale03_np20_s1_id1k.yaml	1749	2026-07-15 12:52
configs/collision_scale03_np20_s2_id1k.yaml	1749	2026-07-15 12:52
configs/collision_structdyn_areg_cons1p0_id1k.yaml	1728	2026-07-15 12:52
configs/collision_structdyn_areg_fr_np16_id1k.yaml	1729	2026-07-15 12:52
configs/collision_structdyn_areg_fr_np24_id1k.yaml	1729	2026-07-15 12:52
configs/collision_structdyn_areg_fr_pw30_id1k.yaml	1637	2026-07-15 12:52
configs/collision_structdyn_fr_id1k.yaml	1600	2026-07-15 12:52
configs/collision_structpos_cons0p3_id1k.yaml	1719	2026-07-15 12:52
configs/collision_structpos_cons1p0_id1k.yaml	1719	2026-07-15 12:52
configs/collision_structpos_cons1p0acc_id1k.yaml	1725	2026-07-15 12:52
configs/collision_structpos_fr_id1k.yaml	1778	2026-07-15 12:52
configs/collision_structpos_fr_pw100_id1k.yaml	1789	2026-07-15 12:52
configs/collision_structpos_fr_pw10_id1k.yaml	1786	2026-07-15 12:52
configs/collision_structpos_fr_pw1_id1k.yaml	1783	2026-07-15 12:52
configs/collision_structpos_fr_pw300_id1k.yaml	1789	2026-07-15 12:52
configs/collision_structpos_fr_pw30_id1k.yaml	1628	2026-07-15 12:52
configs/collision_structpos_fr_pw3_id1k.yaml	1783	2026-07-15 12:52
configs/collision_structposvel_pw30_fr.yaml	1802	2026-07-15 12:52
configs/collision_sw_w0p1_f1_id1k.yaml	1354	2026-07-15 12:52
configs/collision_sw_w0p1_f2_id1k.yaml	1354	2026-07-15 12:52
configs/collision_sw_w0p1_f4_id1k.yaml	1354	2026-07-15 12:52
configs/collision_sw_w10p0_f1_id1k.yaml	1357	2026-07-15 12:52
configs/collision_sw_w10p0_f2_id1k.yaml	1357	2026-07-15 12:52
configs/collision_sw_w10p0_f4_id1k.yaml	1357	2026-07-15 12:52
configs/collision_sw_w1p0_f1_id1k.yaml	1354	2026-07-15 12:52
configs/collision_sw_w1p0_f2_id1k.yaml	1354	2026-07-15 12:52
configs/collision_sw_w1p0_f4_id1k.yaml	1354	2026-07-15 12:52
configs/collision_sw_w30p0_f1_id1k.yaml	1357	2026-07-15 12:52
configs/collision_sw_w30p0_f2_id1k.yaml	1357	2026-07-15 12:52
configs/collision_sw_w30p0_f4_id1k.yaml	1357	2026-07-15 12:52
configs/collision_sw_w50p0_f1_id1k.yaml	1357	2026-07-15 12:52
configs/collision_sw_w50p0_f2_id1k.yaml	1357	2026-07-15 12:52
configs/collision_sw_w50p0_f4_id1k.yaml	1357	2026-07-15 12:52
configs/collision_temporal2_app03_id1k.yaml	1721	2026-07-15 12:52
configs/collision_temporal2_id1k.yaml	1709	2026-07-15 12:52
configs/collision_temporal2_sc03_app03_id1k.yaml	1731	2026-07-15 12:52
configs/collision_temporal2_scale03_id1k.yaml	1725	2026-07-15 12:52
configs/cons_smoke.yaml	1594	2026-07-15 12:52
configs/parabola_app07_id1k.yaml	1689	2026-07-15 12:52
configs/parabola_app10_id1k.yaml	1689	2026-07-15 12:52
configs/parabola_aug03_id1k.yaml	1676	2026-07-15 12:52
configs/parabola_aug05_id1k.yaml	1676	2026-07-15 12:52
configs/parabola_baseline_fr_id1k.yaml	1557	2026-07-15 12:52
configs/parabola_baseline_fr_np16_id1k.yaml	1676	2026-07-15 12:52
configs/parabola_baseline_fr_s1234.yaml	1736	2026-07-15 12:52
configs/parabola_baseline_fr_s42.yaml	1730	2026-07-15 12:52
configs/parabola_baseline_tf_id1k.yaml	1559	2026-07-15 12:52
configs/parabola_baseline_tf_s1234.yaml	1738	2026-07-15 12:52
configs/parabola_baseline_tf_s42.yaml	1732	2026-07-15 12:52
configs/parabola_dyn_mlp_fr_id1k.yaml	1730	2026-07-15 12:52
configs/parabola_fixinit_w0_f2_id1k.yaml	1313	2026-07-15 12:52
configs/parabola_fixinit_w0p1_f2_id1k.yaml	1336	2026-07-15 12:52
configs/parabola_fixinit_w1p0_f2_id1k.yaml	1336	2026-07-15 12:52
configs/parabola_fixinit_w50p0_f2_id1k.yaml	1339	2026-07-15 12:52
configs/parabola_frozenenc_w0_f2_id1k.yaml	1338	2026-07-15 12:52
configs/parabola_grounded_const_id1k.yaml	1740	2026-07-15 12:52
configs/parabola_labelfree_const_id1k.yaml	1742	2026-07-15 12:52
configs/parabola_paperinit_id1k.yaml	1292	2026-07-15 12:52
configs/parabola_piwm_const_app05_id1k.yaml	1744	2026-07-15 12:52
configs/parabola_piwm_const_fr_id1k.yaml	1738	2026-07-15 12:52
configs/parabola_piwm_mf4_id1k.yaml	1309	2026-07-15 12:52
configs/parabola_piwm_mf4posonly_id1k.yaml	1304	2026-07-15 12:52
configs/parabola_piwm_posvel_id1k.yaml	1315	2026-07-15 12:52
configs/parabola_piwm_probe_id1k.yaml	1294	2026-07-15 12:52
configs/parabola_probeF2_fr.yaml	1741	2026-07-15 12:52
configs/parabola_probeF2_fr_s1234.yaml	1752	2026-07-15 12:52
configs/parabola_probeF2_fr_s42.yaml	1746	2026-07-15 12:52
configs/parabola_probeF2_structpos_pw30_fr.yaml	1770	2026-07-15 12:52
configs/parabola_rerun_w10p0_f2_id1k.yaml	1322	2026-07-15 12:52
configs/parabola_rerun_w1p0_f2_id1k.yaml	1319	2026-07-15 12:52
configs/parabola_rerun_w5p0_f2_id1k.yaml	1319	2026-07-15 12:52
configs/parabola_scale03_id1k.yaml	1693	2026-07-15 12:52
configs/parabola_structdyn_areg_fr_pw30_id1k.yaml	1595	2026-07-15 12:52
configs/parabola_structdyn_areg_fr_pw30_np16_id1k.yaml	1696	2026-07-15 12:52
configs/parabola_structdyn_fr_id1k.yaml	1558	2026-07-15 12:52
configs/parabola_structpos_cons1p0acc_id1k.yaml	1683	2026-07-15 12:52
configs/parabola_structpos_fr_id1k.yaml	1736	2026-07-15 12:52
configs/parabola_structpos_fr_pw100_id1k.yaml	1747	2026-07-15 12:52
configs/parabola_structpos_fr_pw100_s1234_id1k.yaml	1759	2026-07-15 12:52
configs/parabola_structpos_fr_pw100_s42_id1k.yaml	1753	2026-07-15 12:52
configs/parabola_structpos_fr_pw10_id1k.yaml	1744	2026-07-15 12:52
configs/parabola_structpos_fr_pw1_id1k.yaml	1741	2026-07-15 12:52
configs/parabola_structpos_fr_pw300_id1k.yaml	1747	2026-07-15 12:52
configs/parabola_structpos_fr_pw300_s1234_id1k.yaml	1759	2026-07-15 12:52
configs/parabola_structpos_fr_pw300_s42_id1k.yaml	1753	2026-07-15 12:52
configs/parabola_structpos_fr_pw30_id1k.yaml	1586	2026-07-15 12:52
configs/parabola_structpos_fr_pw3_id1k.yaml	1741	2026-07-15 12:52
configs/parabola_structposvel_pw30_fr.yaml	1760	2026-07-15 12:52
configs/parabola_structposvel_pw30_s1234.yaml	1766	2026-07-15 12:52
configs/parabola_structposvel_pw30_s42.yaml	1760	2026-07-15 12:52
configs/parabola_sw_w0p1_f1_id1k.yaml	1313	2026-07-15 12:52
configs/parabola_sw_w0p1_f2_id1k.yaml	1313	2026-07-15 12:52
configs/parabola_sw_w0p1_f4_id1k.yaml	1313	2026-07-15 12:52
configs/parabola_sw_w10p0_f1_id1k.yaml	1316	2026-07-15 12:52
configs/parabola_sw_w10p0_f2_id1k.yaml	1316	2026-07-15 12:52
configs/parabola_sw_w10p0_f4_id1k.yaml	1316	2026-07-15 12:52
configs/parabola_sw_w1p0_f1_id1k.yaml	1313	2026-07-15 12:52
configs/parabola_sw_w1p0_f2_id1k.yaml	1313	2026-07-15 12:52
configs/parabola_sw_w1p0_f4_id1k.yaml	1313	2026-07-15 12:52
configs/parabola_sw_w30p0_f1_id1k.yaml	1316	2026-07-15 12:52
configs/parabola_sw_w30p0_f2_id1k.yaml	1316	2026-07-15 12:52
configs/parabola_sw_w30p0_f4_id1k.yaml	1316	2026-07-15 12:52
configs/parabola_sw_w50p0_f1_id1k.yaml	1316	2026-07-15 12:52
configs/parabola_sw_w50p0_f2_id1k.yaml	1316	2026-07-15 12:52
configs/parabola_sw_w50p0_f4_id1k.yaml	1316	2026-07-15 12:52
configs/physion_collide_rangeA.yaml	1430	2026-07-15 12:52
configs/physion_collide_rangeA_init.yaml	1611	2026-07-15 12:52
configs/physion_smoke.yaml	1469	2026-07-15 12:52
configs/physionpp_train_smoke.yaml	1745	2026-07-15 12:52
configs/pp2_col_scratch_off.yaml	1673	2026-07-15 12:52
configs/pp2_col_scratch_on.yaml	1672	2026-07-15 12:52
configs/pp2_par_pusht_off.yaml	1719	2026-07-15 12:52
configs/pp2_par_pusht_on.yaml	1718	2026-07-15 12:52
configs/pp2_par_scratch_off.yaml	1634	2026-07-15 12:52
configs/pp2_par_scratch_on.yaml	1633	2026-07-15 12:52
configs/pp2_um_scratch_off.yaml	1637	2026-07-15 12:52
configs/pp2_um_scratch_on.yaml	1636	2026-07-15 12:52
configs/pp_col_scratch_off.yaml	1671	2026-07-15 12:52
configs/pp_col_scratch_on.yaml	1670	2026-07-15 12:52
configs/pp_cons.yaml	1699	2026-07-15 12:52
configs/pp_cons2.yaml	1734	2026-07-15 12:52
configs/pp_consacc.yaml	1705	2026-07-15 12:52
configs/pp_consacc2.yaml	1740	2026-07-15 12:52
configs/pp_fr.yaml	1696	2026-07-15 12:52
configs/pp_fr_app03.yaml	1716	2026-07-15 12:52
configs/pp_fr_app05.yaml	1716	2026-07-15 12:52
configs/pp_fr_app05_temp2.yaml	1705	2026-07-15 12:52
configs/pp_fr_np20.yaml	1736	2026-07-15 12:52
configs/pp_fr_np20sc.yaml	1740	2026-07-15 12:52
configs/pp_fr_np28sc.yaml	1740	2026-07-15 12:52
configs/pp_fr_np28sc_ho.yaml	1745	2026-07-15 12:52
configs/pp_fr_s1234.yaml	1740	2026-07-15 12:52
configs/pp_fr_s3072.yaml	1740	2026-07-15 12:52
configs/pp_fr_s42.yaml	1734	2026-07-15 12:52
configs/pp_fr_scnp16.yaml	1719	2026-07-15 12:52
configs/pp_init_cube.yaml	1734	2026-07-15 12:52
configs/pp_init_cube_s1234.yaml	1746	2026-07-15 12:52
configs/pp_init_cube_s42.yaml	1740	2026-07-15 12:52
configs/pp_init_pusht.yaml	1745	2026-07-15 12:52
configs/pp_init_pusht_s1234.yaml	1757	2026-07-15 12:52
configs/pp_init_pusht_s42.yaml	1751	2026-07-15 12:52
configs/pp_init_scratch.yaml	1660	2026-07-15 12:52
configs/pp_init_scratch_s1234.yaml	1672	2026-07-15 12:52
configs/pp_init_scratch_s42.yaml	1666	2026-07-15 12:52
configs/pp_par_pusht_off.yaml	1716	2026-07-15 12:52
configs/pp_par_pusht_on.yaml	1715	2026-07-15 12:52
configs/pp_par_scratch_off.yaml	1631	2026-07-15 12:52
configs/pp_par_scratch_on.yaml	1630	2026-07-15 12:52
configs/pp_struct.yaml	1703	2026-07-15 12:52
configs/pp_struct2.yaml	1737	2026-07-15 12:52
configs/pp_tf_s1234.yaml	1741	2026-07-15 12:52
configs/pp_tf_s3072.yaml	1741	2026-07-15 12:52
configs/pp_tf_s42.yaml	1735	2026-07-15 12:52
configs/pp_um_scratch_off.yaml	1635	2026-07-15 12:52
configs/pp_um_scratch_on.yaml	1634	2026-07-15 12:52
configs/uniform_app07_id1k.yaml	1693	2026-07-15 12:52
configs/uniform_aug03_id1k.yaml	1680	2026-07-15 12:52
configs/uniform_aug05_id1k.yaml	1680	2026-07-15 12:52
configs/uniform_baseline_fr_s1234.yaml	1740	2026-07-15 12:52
configs/uniform_baseline_fr_s42.yaml	1734	2026-07-15 12:52
configs/uniform_baseline_tf_s1234.yaml	1742	2026-07-15 12:52
configs/uniform_baseline_tf_s42.yaml	1736	2026-07-15 12:52
configs/uniform_consD0_pw100base.yaml	1670	2026-07-15 12:52
configs/uniform_consD_pw100.yaml	1660	2026-07-15 12:52
configs/uniform_cons_A_base.yaml	1659	2026-07-15 12:52
configs/uniform_cons_B_v1.yaml	1655	2026-07-15 12:52
configs/uniform_dyn_mlp_fr_id1k.yaml	1734	2026-07-15 12:52
configs/uniform_grounded_const_id1k.yaml	1744	2026-07-15 12:52
configs/uniform_labelfree_const_id1k.yaml	1746	2026-07-15 12:52
configs/uniform_motion_baseline_fr_id1k.yaml	1575	2026-07-15 12:52
configs/uniform_motion_baseline_fr_np16_id1k.yaml	1694	2026-07-15 12:52
configs/uniform_motion_baseline_tf_id1k.yaml	1577	2026-07-15 12:52
configs/uniform_motion_dynonly_id1k.yaml	1489	2026-07-15 12:52
configs/uniform_motion_paperinit_id1k.yaml	1310	2026-07-15 12:52
configs/uniform_motion_piwm_mf4_id1k.yaml	1327	2026-07-15 12:52
configs/uniform_motion_piwm_mf4posonly_id1k.yaml	1322	2026-07-15 12:52
configs/uniform_motion_piwm_posvel_id1k.yaml	1333	2026-07-15 12:52
configs/uniform_motion_piwm_probe_id1k.yaml	1312	2026-07-15 12:52
configs/uniform_motion_rerun_w10p0_f2_id1k.yaml	1340	2026-07-15 12:52
configs/uniform_motion_rerun_w1p0_f2_id1k.yaml	1337	2026-07-15 12:52
configs/uniform_motion_rerun_w5p0_f2_id1k.yaml	1337	2026-07-15 12:52
configs/uniform_motion_structcv_fr_id1k.yaml	1575	2026-07-15 12:52
configs/uniform_motion_structcv_fr_pw100_id1k.yaml	1605	2026-07-15 12:52
configs/uniform_motion_structcv_fr_pw100_np16_id1k.yaml	1706	2026-07-15 12:52
configs/uniform_motion_structcv_fr_pw10_id1k.yaml	1602	2026-07-15 12:52
configs/uniform_motion_structcv_fr_pw30_id1k.yaml	1602	2026-07-15 12:52
configs/uniform_motion_structcv_fr_pw3_id1k.yaml	1599	2026-07-15 12:52
configs/uniform_motion_structcv_frzenc_id1k.yaml	1527	2026-07-15 12:52
configs/uniform_motion_structcv_id1k.yaml	1475	2026-07-15 12:52
configs/uniform_motion_structdyn_areg10_id1k.yaml	1508	2026-07-15 12:52
configs/uniform_motion_structdyn_areg1_id1k.yaml	1505	2026-07-15 12:52
configs/uniform_motion_structdyn_areg_fr_pw10_id1k.yaml	1613	2026-07-15 12:52
configs/uniform_motion_structdyn_frzenc_id1k.yaml	1528	2026-07-15 12:52
configs/uniform_motion_structdyn_id1k.yaml	1452	2026-07-15 12:52
configs/uniform_motion_structpos_fr_id1k.yaml	1577	2026-07-15 12:52
configs/uniform_motion_structpos_fr_pw100_id1k.yaml	1607	2026-07-15 12:52
configs/uniform_motion_structpos_fr_pw100_s1234_id1k.yaml	1777	2026-07-15 12:52
configs/uniform_motion_structpos_fr_pw100_s42_id1k.yaml	1771	2026-07-15 12:52
configs/uniform_motion_structpos_fr_pw10_id1k.yaml	1604	2026-07-15 12:52
configs/uniform_motion_structpos_fr_pw10_s1234_id1k.yaml	1774	2026-07-15 12:52
configs/uniform_motion_structpos_fr_pw10_s42_id1k.yaml	1768	2026-07-15 12:52
configs/uniform_motion_structpos_fr_pw1_s1234_id1k.yaml	1771	2026-07-15 12:52
configs/uniform_motion_structpos_fr_pw1_s42_id1k.yaml	1765	2026-07-15 12:52
configs/uniform_motion_structpos_fr_pw300_id1k.yaml	1765	2026-07-15 12:52
configs/uniform_motion_structpos_fr_pw30_id1k.yaml	1604	2026-07-15 12:52
configs/uniform_motion_structpos_fr_pw3_id1k.yaml	1759	2026-07-15 12:52
configs/uniform_motion_structpos_id1k.yaml	1377	2026-07-15 12:52
configs/uniform_motion_structpos_smoke.yaml	1378	2026-07-15 12:52
configs/uniform_piwm_const_app05_id1k.yaml	1748	2026-07-15 12:52
configs/uniform_piwm_const_fr_id1k.yaml	1742	2026-07-15 12:52
configs/uniform_posonly_w0p3_id1k.yaml	1302	2026-07-15 12:52
configs/uniform_posonly_w10p0_id1k.yaml	1305	2026-07-15 12:52
configs/uniform_posonly_w3p0_id1k.yaml	1302	2026-07-15 12:52
configs/uniform_probeF2_fr.yaml	1743	2026-07-15 12:52
configs/uniform_probeF2_structpos_pw30_fr.yaml	1774	2026-07-15 12:52
configs/uniform_probeF2_structpos_pw30_fr_s1234.yaml	1785	2026-07-15 12:52
configs/uniform_probeF2_structpos_pw30_fr_s42.yaml	1779	2026-07-15 12:52
configs/uniform_scale03_id1k.yaml	1697	2026-07-15 12:52
configs/uniform_structpos_fr_pw30_s1234.yaml	1751	2026-07-15 12:52
configs/uniform_structpos_fr_pw30_s42.yaml	1745	2026-07-15 12:52
configs/uniform_structposvel_pw30_fr.yaml	1764	2026-07-15 12:52
configs/uniform_sw_w0p1_f1_id1k.yaml	1317	2026-07-15 12:52
configs/uniform_sw_w0p1_f2_id1k.yaml	1317	2026-07-15 12:52
configs/uniform_sw_w0p1_f4_id1k.yaml	1317	2026-07-15 12:52
configs/uniform_sw_w10p0_f1_id1k.yaml	1320	2026-07-15 12:52
configs/uniform_sw_w10p0_f2_id1k.yaml	1320	2026-07-15 12:52
configs/uniform_sw_w10p0_f4_id1k.yaml	1320	2026-07-15 12:52
configs/uniform_sw_w1p0_f1_id1k.yaml	1317	2026-07-15 12:52
configs/uniform_sw_w1p0_f2_id1k.yaml	1317	2026-07-15 12:52
configs/uniform_sw_w1p0_f4_id1k.yaml	1317	2026-07-15 12:52
configs/uniform_sw_w30p0_f1_id1k.yaml	1320	2026-07-15 12:52
configs/uniform_sw_w30p0_f2_id1k.yaml	1320	2026-07-15 12:52
configs/uniform_sw_w30p0_f4_id1k.yaml	1320	2026-07-15 12:52
configs/uniform_sw_w50p0_f1_id1k.yaml	1320	2026-07-15 12:52
configs/uniform_sw_w50p0_f2_id1k.yaml	1320	2026-07-15 12:52
configs/uniform_sw_w50p0_f4_id1k.yaml	1320	2026-07-15 12:52
physion_eval/eval_col_fr_aug03.json	2007	2026-07-15 12:52
physion_eval/eval_col_fr_aug05.json	1991	2026-07-15 12:52
physion_eval/eval_collision_baseline_fr_np16_id1k.json	2077	2026-07-15 12:52
physion_eval/eval_collision_structpos_cons1p0_id1k.json	2043	2026-07-15 12:52
physion_eval/eval_collision_structpos_cons1p0acc_id1k.json	2077	2026-07-15 12:52
physion_eval/eval_collision_structpos_fr_pw30_id1k.json	2068	2026-07-15 12:52
physion_eval/eval_frnp16_ep1.json	1883	2026-07-15 12:52
physion_eval/eval_frnp16_ep10.json	1874	2026-07-15 12:52
physion_eval/eval_frnp16_ep2.json	1855	2026-07-15 12:52
physion_eval/eval_frnp16_ep20.json	1885	2026-07-15 12:52
physion_eval/eval_frnp16_ep5.json	1859	2026-07-15 12:52
physion_eval/eval_random_baseline.json	2011	2026-07-15 12:52
physion_eval/eval_zeroshot_collision.json	2003	2026-07-15 12:52
runs/6-24_frozen_target_logs/collision_rerun_w10p0_f2_id1k.log	1115	2026-06-26 01:07
runs/6-24_frozen_target_logs/collision_rerun_w1p0_f2_id1k.log	1113	2026-06-26 01:07
runs/6-24_frozen_target_logs/collision_rerun_w5p0_f2_id1k.log	1113	2026-06-26 01:07
runs/6-24_frozen_target_logs/parabola_rerun_w10p0_f2_id1k.log	1223	2026-06-26 01:07
runs/6-24_frozen_target_logs/parabola_rerun_w1p0_f2_id1k.log	1221	2026-06-26 01:07
runs/6-24_frozen_target_logs/parabola_rerun_w5p0_f2_id1k.log	1221	2026-06-26 01:07
runs/6-24_frozen_target_logs/uniform_motion_rerun_w10p0_f2_id1k.log	1180	2026-06-26 01:07
runs/6-24_frozen_target_logs/uniform_motion_rerun_w1p0_f2_id1k.log	1178	2026-06-26 01:07
runs/6-24_frozen_target_logs/uniform_motion_rerun_w5p0_f2_id1k.log	1178	2026-06-26 01:07
runs/6-24_rerun_logs/launcher.log	0	2026-06-26 00:02
runs/6-24_rerun_logs/orchestrator.log	1819	2026-06-26 00:56
runs/6-24_rerun_logs/rollout_collision_w10p0.log	3129	2026-06-26 00:55
runs/6-24_rerun_logs/rollout_collision_w1p0.log	3126	2026-06-26 00:55
runs/6-24_rerun_logs/rollout_collision_w5p0.log	3126	2026-06-26 00:56
runs/6-24_rerun_logs/rollout_parabola_w10p0.log	5166	2026-06-26 00:29
runs/6-24_rerun_logs/rollout_parabola_w1p0.log	4649	2026-06-26 00:29
runs/6-24_rerun_logs/rollout_parabola_w5p0.log	5162	2026-06-26 00:29
runs/6-24_rerun_logs/rollout_uniform_motion_w10p0.log	8211	2026-06-26 00:54
runs/6-24_rerun_logs/rollout_uniform_motion_w1p0.log	8208	2026-06-26 00:29
runs/6-24_rerun_logs/rollout_uniform_motion_w5p0.log	8208	2026-06-26 00:31
runs/6-24_rerun_logs/train_collision_rerun_w10p0_f2_id1k.log	133815	2026-06-26 00:53
runs/6-24_rerun_logs/train_collision_rerun_w1p0_f2_id1k.log	133863	2026-06-26 00:54
runs/6-24_rerun_logs/train_collision_rerun_w5p0_f2_id1k.log	134295	2026-06-26 00:55
runs/6-24_rerun_logs/train_parabola_rerun_w10p0_f2_id1k.log	133463	2026-06-26 00:28
runs/6-24_rerun_logs/train_parabola_rerun_w1p0_f2_id1k.log	133718	2026-06-26 00:28
runs/6-24_rerun_logs/train_parabola_rerun_w5p0_f2_id1k.log	133712	2026-06-26 00:28
runs/6-24_rerun_logs/train_uniform_motion_rerun_w10p0_f2_id1k.log	133824	2026-06-26 00:53
runs/6-24_rerun_logs/train_uniform_motion_rerun_w1p0_f2_id1k.log	133812	2026-06-26 00:28
runs/6-24_rerun_logs/train_uniform_motion_rerun_w5p0_f2_id1k.log	133511	2026-06-26 00:30
runs/6-2_three_domains_logs/launcher.log	0	2026-06-07 23:55
runs/6-2_three_domains_logs/mf4posonly.log	881	2026-06-26 00:09
runs/6-2_three_domains_logs/mf4posonly_launcher.log	0	2026-06-25 23:42
runs/6-2_three_domains_logs/orchestrator.log	3971	2026-06-08 00:54
runs/6-2_three_domains_logs/rollout_collision_baseline.log	3116	2026-06-08 00:54
runs/6-2_three_domains_logs/rollout_collision_mf4.log	3109	2026-06-08 00:54
runs/6-2_three_domains_logs/rollout_collision_mf4posonly.log	3130	2026-06-26 00:09
runs/6-2_three_domains_logs/rollout_collision_posonly.log	3117	2026-06-08 00:54
runs/6-2_three_domains_logs/rollout_collision_posvel.log	3118	2026-06-08 00:54
runs/6-2_three_domains_logs/rollout_parabola_baseline.log	4638	2026-06-08 00:28
runs/6-2_three_domains_logs/rollout_parabola_mf4.log	4631	2026-06-08 00:29
runs/6-2_three_domains_logs/rollout_parabola_mf4posonly.log	4652	2026-06-26 00:08
runs/6-2_three_domains_logs/rollout_parabola_posonly.log	4640	2026-06-08 00:28
runs/6-2_three_domains_logs/rollout_parabola_posvel.log	4640	2026-06-08 00:28
runs/6-2_three_domains_logs/rollout_uniform_motion_baseline.log	8198	2026-06-08 00:28
runs/6-2_three_domains_logs/rollout_uniform_motion_mf4.log	8191	2026-06-08 00:29
runs/6-2_three_domains_logs/rollout_uniform_motion_mf4posonly.log	8212	2026-06-26 00:09
runs/6-2_three_domains_logs/rollout_uniform_motion_posonly.log	8199	2026-06-08 00:29
runs/6-2_three_domains_logs/rollout_uniform_motion_posvel.log	8200	2026-06-08 00:28
runs/6-2_three_domains_logs/train_collision_paperinit_id1k.log	129720	2026-06-08 00:53
runs/6-2_three_domains_logs/train_collision_piwm_mf4_id1k.log	133873	2026-06-08 00:53
runs/6-2_three_domains_logs/train_collision_piwm_mf4posonly_id1k.log	133845	2026-06-26 00:08
runs/6-2_three_domains_logs/train_collision_piwm_posvel_id1k.log	134252	2026-06-08 00:53
runs/6-2_three_domains_logs/train_collision_piwm_probe_id1k.log	133839	2026-06-08 00:52
runs/6-2_three_domains_logs/train_parabola_paperinit_id1k.log	128516	2026-06-08 00:27
runs/6-2_three_domains_logs/train_parabola_piwm_mf4_id1k.log	133678	2026-06-08 00:27
runs/6-2_three_domains_logs/train_parabola_piwm_mf4posonly_id1k.log	134174	2026-06-26 00:07
runs/6-2_three_domains_logs/train_parabola_piwm_posvel_id1k.log	134121	2026-06-08 00:26
runs/6-2_three_domains_logs/train_parabola_piwm_probe_id1k.log	133689	2026-06-08 00:27
runs/6-2_three_domains_logs/train_uniform_motion_paperinit_id1k.log	128569	2026-06-08 00:27
runs/6-2_three_domains_logs/train_uniform_motion_piwm_mf4_id1k.log	133914	2026-06-08 00:27
runs/6-2_three_domains_logs/train_uniform_motion_piwm_mf4posonly_id1k.log	133712	2026-06-26 00:07
runs/6-2_three_domains_logs/train_uniform_motion_piwm_posvel_id1k.log	133470	2026-06-08 00:27
runs/6-2_three_domains_logs/train_uniform_motion_piwm_probe_id1k.log	133692	2026-06-08 00:28
runs/6-2_three_domains_logs_BROKEN/README.txt	959	2026-06-05 01:04
runs/6-2_three_domains_logs_BROKEN/launcher.log	0	2026-06-05 01:04
runs/6-2_three_domains_logs_BROKEN/orchestrator.log	3971	2026-06-05 02:09
runs/6-2_three_domains_logs_BROKEN/rollout_collision_baseline.log	3116	2026-06-05 02:09
runs/6-2_three_domains_logs_BROKEN/rollout_collision_mf4.log	3109	2026-06-05 02:07
runs/6-2_three_domains_logs_BROKEN/rollout_collision_posonly.log	3117	2026-06-05 02:08
runs/6-2_three_domains_logs_BROKEN/rollout_collision_posvel.log	3118	2026-06-05 02:08
runs/6-2_three_domains_logs_BROKEN/rollout_parabola_baseline.log	4636	2026-06-05 01:41
runs/6-2_three_domains_logs_BROKEN/rollout_parabola_mf4.log	4628	2026-06-05 01:38
runs/6-2_three_domains_logs_BROKEN/rollout_parabola_posonly.log	4637	2026-06-05 01:40
runs/6-2_three_domains_logs_BROKEN/rollout_parabola_posvel.log	5152	2026-06-05 01:39
runs/6-2_three_domains_logs_BROKEN/rollout_uniform_motion_baseline.log	8198	2026-06-05 01:39
runs/6-2_three_domains_logs_BROKEN/rollout_uniform_motion_mf4.log	8191	2026-06-05 01:40
runs/6-2_three_domains_logs_BROKEN/rollout_uniform_motion_posonly.log	8199	2026-06-05 01:40
runs/6-2_three_domains_logs_BROKEN/rollout_uniform_motion_posvel.log	8200	2026-06-05 01:40
runs/6-2_three_domains_logs_BROKEN/train_collision_paperinit_id1k.log	129077	2026-06-05 02:08
runs/6-2_three_domains_logs_BROKEN/train_collision_piwm_mf4_id1k.log	134304	2026-06-05 02:06
runs/6-2_three_domains_logs_BROKEN/train_collision_piwm_posvel_id1k.log	134090	2026-06-05 02:06
runs/6-2_three_domains_logs_BROKEN/train_collision_piwm_probe_id1k.log	134055	2026-06-05 02:07
runs/6-2_three_domains_logs_BROKEN/train_parabola_paperinit_id1k.log	128959	2026-06-05 01:40
runs/6-2_three_domains_logs_BROKEN/train_parabola_piwm_mf4_id1k.log	134570	2026-06-05 01:37
runs/6-2_three_domains_logs_BROKEN/train_parabola_piwm_posvel_id1k.log	133998	2026-06-05 01:38
runs/6-2_three_domains_logs_BROKEN/train_parabola_piwm_probe_id1k.log	134176	2026-06-05 01:38
runs/6-2_three_domains_logs_BROKEN/train_uniform_motion_paperinit_id1k.log	128982	2026-06-05 01:38
runs/6-2_three_domains_logs_BROKEN/train_uniform_motion_piwm_mf4_id1k.log	133991	2026-06-05 01:39
runs/6-2_three_domains_logs_BROKEN/train_uniform_motion_piwm_posvel_id1k.log	133926	2026-06-05 01:38
runs/6-2_three_domains_logs_BROKEN/train_uniform_motion_piwm_probe_id1k.log	134601	2026-06-05 01:39
runs/aaai_p0/fill_queue.log	1521	2026-07-12 16:35
runs/aaai_p0/fill_setsid.log	0	2026-07-12 13:47
runs/aaai_p0/p0_queue.log	4185	2026-07-11 22:43
runs/aaai_p0/rollout_collision_baseline_fr_s1234.log	3141	2026-07-11 18:04
runs/aaai_p0/rollout_collision_baseline_fr_s42.log	3135	2026-07-11 19:15
runs/aaai_p0/rollout_collision_baseline_tf_s1234.log	3141	2026-07-11 19:43
runs/aaai_p0/rollout_collision_baseline_tf_s42.log	3135	2026-07-11 20:37
runs/aaai_p0/rollout_collision_grounded_const_id1k.log	3147	2026-07-12 16:35
runs/aaai_p0/rollout_collision_probeF2_fr.log	3120	2026-07-12 14:33
runs/aaai_p0/rollout_collision_probeF2_structpos_pw30_fr.log	3165	2026-07-12 15:27
runs/aaai_p0/rollout_collision_structpos_fr_id1k.log	3141	2026-07-12 16:34
runs/aaai_p0/rollout_collision_structposvel_pw30_fr.log	3150	2026-07-12 16:00
runs/aaai_p0/rollout_parabola_baseline_fr_s1234.log	4661	2026-07-11 18:39
runs/aaai_p0/rollout_parabola_baseline_fr_s42.log	4655	2026-07-11 19:16
runs/aaai_p0/rollout_parabola_baseline_tf_s1234.log	4661	2026-07-11 20:09
runs/aaai_p0/rollout_parabola_baseline_tf_s42.log	4655	2026-07-11 20:37
runs/aaai_p0/rollout_parabola_probeF2_fr.log	5154	2026-07-12 14:21
runs/aaai_p0/rollout_parabola_probeF2_structpos_pw30_fr.log	5199	2026-07-12 14:54
runs/aaai_p0/rollout_parabola_structpos_fr_id1k.log	4661	2026-07-12 16:01
runs/aaai_p0/rollout_parabola_structposvel_pw30_fr.log	5183	2026-07-12 15:28
runs/aaai_p0/rollout_parabola_structposvel_pw30_s1234.log	4679	2026-07-12 17:47
runs/aaai_p0/rollout_parabola_structposvel_pw30_s42.log	4673	2026-07-12 17:46
runs/aaai_p0/rollout_pp2_col_scratch_off.log	3631	2026-07-11 22:38
runs/aaai_p0/rollout_pp2_col_scratch_on.log	3114	2026-07-11 22:43
runs/aaai_p0/rollout_pp2_par_scratch_off.log	113	2026-07-11 17:33
runs/aaai_p0/rollout_pp2_par_scratch_on.log	113	2026-07-11 17:33
runs/aaai_p0/rollout_pp2_um_scratch_off.log	8186	2026-07-11 22:40
runs/aaai_p0/rollout_pp2_um_scratch_on.log	8183	2026-07-11 22:39
runs/aaai_p0/rollout_uniform_baseline_fr_s1234.log	8207	2026-07-11 18:03
runs/aaai_p0/rollout_uniform_baseline_fr_s42.log	8201	2026-07-11 18:40
runs/aaai_p0/rollout_uniform_baseline_tf_s1234.log	8207	2026-07-11 19:42
runs/aaai_p0/rollout_uniform_baseline_tf_s42.log	8201	2026-07-11 20:10
runs/aaai_p0/rollout_uniform_structpos_fr_pw30_s1234.log	8225	2026-07-11 21:15
runs/aaai_p0/rollout_uniform_structpos_fr_pw30_s42.log	8219	2026-07-11 21:15
runs/aaai_p0/setsid.log	0	2026-07-11 17:27
runs/aaai_p0/train_collision_baseline_fr_s1234.log	130278	2026-07-11 18:03
runs/aaai_p0/train_collision_baseline_fr_s42.log	130103	2026-07-11 19:14
runs/aaai_p0/train_collision_baseline_tf_s1234.log	128878	2026-07-11 19:41
runs/aaai_p0/train_collision_baseline_tf_s42.log	129018	2026-07-11 20:36
runs/aaai_p0/train_collision_grounded_const_id1k.log	137883	2026-07-12 16:34
runs/aaai_p0/train_collision_probeF2_fr.log	135635	2026-07-12 14:32
runs/aaai_p0/train_collision_probeF2_structpos_pw30_fr.log	142628	2026-07-12 15:26
runs/aaai_p0/train_collision_structpos_fr_id1k.log	137408	2026-07-12 16:32
runs/aaai_p0/train_collision_structposvel_pw30_fr.log	137348	2026-07-12 15:59
runs/aaai_p0/train_parabola_baseline_fr_s1234.log	130139	2026-07-11 18:38
runs/aaai_p0/train_parabola_baseline_fr_s42.log	130191	2026-07-11 19:15
runs/aaai_p0/train_parabola_baseline_tf_s1234.log	129107	2026-07-11 20:08
runs/aaai_p0/train_parabola_baseline_tf_s42.log	128660	2026-07-11 20:36
runs/aaai_p0/train_parabola_probeF2_fr.log	135516	2026-07-12 14:20
runs/aaai_p0/train_parabola_probeF2_structpos_pw30_fr.log	142507	2026-07-12 14:53
runs/aaai_p0/train_parabola_structpos_fr_id1k.log	137440	2026-07-12 16:00
runs/aaai_p0/train_parabola_structposvel_pw30_fr.log	137234	2026-07-12 15:27
runs/aaai_p0/train_parabola_structposvel_pw30_s1234.log	137755	2026-07-12 17:46
runs/aaai_p0/train_parabola_structposvel_pw30_s42.log	137228	2026-07-12 17:45
runs/aaai_p0/train_pp2_col_scratch_off.log	237680	2026-07-11 22:37
runs/aaai_p0/train_pp2_col_scratch_on.log	258544	2026-07-11 22:42
runs/aaai_p0/train_pp2_um_scratch_off.log	237265	2026-07-11 22:39
runs/aaai_p0/train_pp2_um_scratch_on.log	258387	2026-07-11 22:38
runs/aaai_p0/train_uniform_baseline_fr_s1234.log	130609	2026-07-11 18:02
runs/aaai_p0/train_uniform_baseline_fr_s42.log	129990	2026-07-11 18:39
runs/aaai_p0/train_uniform_baseline_tf_s1234.log	128542	2026-07-11 19:40
runs/aaai_p0/train_uniform_baseline_tf_s42.log	128745	2026-07-11 20:09
runs/aaai_p0/train_uniform_structpos_fr_pw30_s1234.log	137265	2026-07-11 21:13
runs/aaai_p0/train_uniform_structpos_fr_pw30_s42.log	137289	2026-07-11 21:14
runs/aug_eval/rollout_aug03.log	3580	2026-07-05 23:05
runs/aug_eval/rollout_col_fr_aug05.log	3580	2026-07-05 23:38
runs/aug_eval/train_aug03.log	130155	2026-07-05 23:03
runs/aug_eval/train_col_fr_aug05.log	130654	2026-07-05 23:31
runs/aug_eval/train_col_fr_noaug.log	172054	2026-07-05 23:43
runs/consistency_eval/rollout_uniform_cons_A_base.log	8189	2026-07-05 19:53
runs/consistency_eval/rollout_uniform_cons_B_v1.log	8185	2026-07-05 20:40
runs/consistency_eval/train_uniform_consD0_pw100base.log	132275	2026-07-05 20:52
runs/consistency_eval/train_uniform_consD_pw100.log	136739	2026-07-05 20:52
runs/consistency_eval/train_uniform_cons_A_base.log	137952	2026-07-05 19:51
runs/consistency_eval/train_uniform_cons_B_v1.log	143573	2026-07-05 20:38
runs/control_fixinit_logs/control.log	667	2026-06-07 23:23
runs/control_fixinit_logs/frozencos_w0p1.log	617	2026-06-07 23:08
runs/control_fixinit_logs/frozencos_w1p0.log	618	2026-06-07 23:08
runs/control_fixinit_logs/frozencos_w50p0.log	876	2026-06-07 23:08
runs/control_fixinit_logs/launcher.log	0	2026-06-07 22:17
runs/control_fixinit_logs/rollout_parabola_w0p1.log	4655	2026-06-07 22:31
runs/control_fixinit_logs/rollout_parabola_w1p0.log	4654	2026-06-07 22:41
runs/control_fixinit_logs/rollout_parabola_w50p0.log	5171	2026-06-07 22:31
runs/control_fixinit_logs/train_parabola_fixinit_w0_f2_id1k.log	150297	2026-06-07 23:05
runs/control_fixinit_logs/train_parabola_fixinit_w0p1_f2_id1k.log	133850	2026-06-07 22:30
runs/control_fixinit_logs/train_parabola_fixinit_w1p0_f2_id1k.log	133866	2026-06-07 22:40
runs/control_fixinit_logs/train_parabola_fixinit_w50p0_f2_id1k.log	134039	2026-06-07 22:29
runs/control_fixinit_logs/train_parabola_frozenenc_w0_f2_id1k.log	129007	2026-06-07 23:23
runs/decoder_viz/ood_eval/psnr_finetuned.json	734	2026-06-26 01:03
runs/decoder_viz/ood_eval/psnr_posonly.json	735	2026-06-28 21:57
runs/decoder_viz/ood_eval/psnr_pusht.json	673	2026-06-26 00:45
runs/decoder_viz/uniform_finetuned/train.log	3701	2026-06-26 01:02
runs/decoder_viz/uniform_posonly.launcher.log	3701	2026-06-28 21:56
runs/decoder_viz/uniform_pusht/train.log	4188	2026-06-26 00:39
runs/decoder_viz/universal/logs/lam0p3.log	1902	2026-06-29 00:02
runs/decoder_viz/universal/logs/lam10p0.log	1907	2026-06-29 00:03
runs/decoder_viz/universal/logs/lam3p0.log	1902	2026-06-29 00:08
runs/decoder_viz/universal/logs/launcher.log	0	2026-06-28 22:23
runs/decoder_viz/universal/logs/master.log	464	2026-06-29 00:08
runs/decoder_viz/universal/logs/paperinit.log	3439	2026-06-28 22:56
runs/decoder_viz/universal/logs/posonly.log	3440	2026-06-28 23:20
runs/decoder_viz/universal/logs/pusht.log	3886	2026-06-28 23:20
runs/decoder_viz/universal/logs/sweep_launcher.log	0	2026-06-28 23:36
runs/decoder_viz/universal/upsnr_lam0p3.json	677	2026-06-29 00:02
runs/decoder_viz/universal/upsnr_lam10p0.json	683	2026-06-29 00:03
runs/decoder_viz/universal/upsnr_lam3p0.json	677	2026-06-29 00:08
runs/decoder_viz/universal/upsnr_paperinit.json	213	2026-06-28 23:36
runs/decoder_viz/universal/upsnr_posonly.json	211	2026-06-28 23:36
runs/decoder_viz/universal/upsnr_pusht.json	208	2026-06-28 23:36
runs/decoder_viz/universal_proj/logs/lam0.log	1921	2026-06-29 23:27
runs/decoder_viz/universal_proj/logs/lam0p3.log	1913	2026-06-29 23:27
runs/decoder_viz/universal_proj/logs/lam1.log	1924	2026-06-29 23:27
runs/decoder_viz/universal_proj/logs/lam10.log	1914	2026-06-29 23:27
runs/decoder_viz/universal_proj/logs/lam3.log	1909	2026-06-29 23:27
runs/decoder_viz/universal_proj/logs/launcher.log	0	2026-06-29 23:06
runs/decoder_viz/universal_proj/logs/master.log	244	2026-06-29 23:27
runs/decoder_viz/universal_proj/upsnr_collision_baseline_fr_id1k.json	690	2026-07-06 01:00
runs/decoder_viz/universal_proj/upsnr_collision_baseline_fr_np20_id1k.json	702	2026-07-05 23:58
runs/decoder_viz/universal_proj/upsnr_lam0.json	684	2026-06-29 23:27
runs/decoder_viz/universal_proj/upsnr_lam0p3.json	673	2026-06-29 23:27
runs/decoder_viz/universal_proj/upsnr_lam1.json	686	2026-06-29 23:27
runs/decoder_viz/universal_proj/upsnr_lam10.json	681	2026-06-29 23:27
runs/decoder_viz/universal_proj/upsnr_lam3.json	677	2026-06-29 23:27
runs/decoder_viz/universal_proj/upsnr_structpos.json	689	2026-07-03 00:34
runs/decoder_viz/universal_proj/upsnr_uniform_motion_baseline_fr_id1k.json	717	2026-07-05 15:23
runs/decoder_viz/universal_proj/upsnr_uniform_motion_structcv_fr_id1k.json	714	2026-07-05 14:37
runs/decoder_viz/universal_proj/upsnr_uniform_motion_structcv_fr_pw100_id1k.json	733	2026-07-05 19:09
runs/decoder_viz/universal_proj/upsnr_uniform_motion_structpos_fr_id1k.json	719	2026-07-05 14:41
runs/decoder_viz/universal_proj/upsnr_uniform_motion_structpos_fr_pw30_id1k.json	732	2026-07-05 19:13
runs/decoder_viz/universal_proj/upsnr_uniform_probeF2_fr.json	673	2026-07-07 22:19
runs/decoder_viz/universal_proj/upsnr_uniform_probeF2_structpos_pw30_fr.json	720	2026-07-07 22:19
runs/frozen_enc_diagnostic_logs/rollout_collision_paperinit_id1k_FROZEN_ENC.log	3659	2026-06-06 02:00
runs/frozen_enc_diagnostic_logs/rollout_collision_sw_w0p1_f4_id1k_FROZEN_ENC.log	3667	2026-06-06 02:00
runs/frozen_enc_diagnostic_logs/rollout_collision_sw_w50p0_f4_id1k_FROZEN_ENC.log	3677	2026-06-06 02:00
runs/frozen_enc_diagnostic_logs/rollout_parabola_paperinit_id1k_FROZEN_ENC.log	5186	2026-06-06 02:00
runs/frozen_enc_diagnostic_logs/rollout_parabola_sw_w0p1_f2_id1k_FROZEN_ENC.log	5190	2026-06-06 02:00
runs/frozen_enc_diagnostic_logs/rollout_parabola_sw_w50p0_f2_id1k_FROZEN_ENC.log	5203	2026-06-06 02:00
runs/frozen_enc_diagnostic_logs/rollout_uniform_motion_paperinit_id1k_FROZEN_ENC.log	8752	2026-06-06 02:00
runs/frozen_enc_diagnostic_logs/rollout_uniform_sw_w0p1_f4_id1k_FROZEN_ENC.log	8733	2026-06-06 02:00
runs/frozen_enc_diagnostic_logs/rollout_uniform_sw_w50p0_f4_id1k_FROZEN_ENC.log	8746	2026-06-06 02:00
runs/frozen_target_diagnostic_logs/collision_paperinit_id1k.log	1105	2026-06-06 02:17
runs/frozen_target_diagnostic_logs/collision_sw_w0p1_f4_id1k.log	1107	2026-06-06 02:17
runs/frozen_target_diagnostic_logs/collision_sw_w50p0_f4_id1k.log	1109	2026-06-06 02:17
runs/frozen_target_diagnostic_logs/parabola_paperinit_id1k.log	1213	2026-06-06 02:17
runs/frozen_target_diagnostic_logs/parabola_sw_w0p1_f2_id1k.log	1215	2026-06-06 02:17
runs/frozen_target_diagnostic_logs/parabola_sw_w50p0_f2_id1k.log	1217	2026-06-06 02:17
runs/frozen_target_diagnostic_logs/uniform_motion_paperinit_id1k.log	1170	2026-06-06 02:17
runs/frozen_target_diagnostic_logs/uniform_sw_w0p1_f4_id1k.log	1158	2026-06-06 02:17
runs/frozen_target_diagnostic_logs/uniform_sw_w50p0_f4_id1k.log	1160	2026-06-06 02:17
runs/lambda_sweep_decoder_logs/launcher.log	0	2026-06-28 22:02
runs/lambda_sweep_decoder_logs/master.log	279	2026-06-28 22:31
runs/lambda_sweep_decoder_logs/train_uniform_posonly_w0p3_id1k.log	133587	2026-06-28 22:31
runs/lambda_sweep_decoder_logs/train_uniform_posonly_w10p0_id1k.log	134238	2026-06-28 22:29
runs/lambda_sweep_decoder_logs/train_uniform_posonly_w3p0_id1k.log	133599	2026-06-28 22:30
runs/ood_rollout_lambda/logs/launcher.log	0	2026-06-29 00:49
runs/ood_rollout_lambda/logs/master.log	246	2026-06-29 00:52
runs/ood_rollout_lambda/logs/rollout_lam0.log	8382	2026-06-29 00:52
runs/ood_rollout_lambda/logs/rollout_lam0p3.log	8377	2026-06-29 00:52
runs/ood_rollout_lambda/logs/rollout_lam1.log	8384	2026-06-29 00:51
runs/ood_rollout_lambda/logs/rollout_lam10.log	8378	2026-06-29 00:52
runs/ood_rollout_lambda/logs/rollout_lam3.log	8375	2026-06-29 00:52
runs/physion_rangeA_init.log	120943	2026-07-05 21:08
runs/physionpp/eval_np28sc_full_seen.log	3222	2026-07-12 11:27
runs/physionpp/eval_np28sc_ho_ood.log	3222	2026-07-12 11:27
runs/physionpp/eval_pp_cons.log	2801	2026-07-06 12:47
runs/physionpp/eval_pp_cons2.log	2805	2026-07-13 18:44
runs/physionpp/eval_pp_cons_e20.log	2829	2026-07-06 19:04
runs/physionpp/eval_pp_consacc.log	2810	2026-07-06 12:47
runs/physionpp/eval_pp_consacc2.log	2814	2026-07-13 18:44
runs/physionpp/eval_pp_consacc_e20.log	2838	2026-07-06 19:04
runs/physionpp/eval_pp_fr.log	2795	2026-07-06 12:47
runs/physionpp/eval_pp_fr_app03_e20.log	2840	2026-07-06 21:42
runs/physionpp/eval_pp_fr_app05_e20.log	2840	2026-07-06 21:42
runs/physionpp/eval_pp_fr_e20.log	2823	2026-07-06 19:04
runs/physionpp/eval_pp_fr_np20_e20.log	2807	2026-07-07 22:00
runs/physionpp/eval_pp_fr_np20sc_e20.log	2811	2026-07-09 00:09
runs/physionpp/eval_pp_fr_np28sc_e20.log	2813	2026-07-11 22:19
runs/physionpp/eval_pp_fr_s1234.log	2814	2026-07-13 18:44
runs/physionpp/eval_pp_fr_s3072.log	2814	2026-07-13 21:52
runs/physionpp/eval_pp_fr_s42.log	2808	2026-07-13 18:44
runs/physionpp/eval_pp_fr_scnp16_e20.log	2843	2026-07-06 21:42
runs/physionpp/eval_pp_fr_scnp16_e20fair.log	2971	2026-07-07 01:05
runs/physionpp/eval_pp_init_cube.log	2817	2026-07-13 21:52
runs/physionpp/eval_pp_init_cube_s1234.log	2837	2026-07-14 13:08
runs/physionpp/eval_pp_init_cube_s42.log	2830	2026-07-14 13:08
runs/physionpp/eval_pp_init_pusht.log	2819	2026-07-13 21:52
runs/physionpp/eval_pp_init_pusht_s1234.log	2840	2026-07-14 13:08
runs/physionpp/eval_pp_init_pusht_s42.log	2833	2026-07-14 13:08
runs/physionpp/eval_pp_init_scratch.log	2828	2026-07-13 21:52
runs/physionpp/eval_pp_init_scratch_s1234.log	2845	2026-07-14 13:08
runs/physionpp/eval_pp_init_scratch_s42.log	2838	2026-07-14 13:08
runs/physionpp/eval_pp_struct.log	2807	2026-07-06 12:47
runs/physionpp/eval_pp_struct2.log	2811	2026-07-13 18:44
runs/physionpp/eval_pp_struct_e20.log	2835	2026-07-06 19:04
runs/physionpp/eval_pp_tf_s1234.log	2814	2026-07-13 18:44
runs/physionpp/eval_pp_tf_s3072.log	2814	2026-07-13 18:44
runs/physionpp/eval_pp_tf_s42.log	2808	2026-07-13 18:44
runs/physionpp/make_htrain.log	423	2026-07-11 23:04
runs/physionpp/probe_real_emb_pp_fr.log	810	2026-07-14 23:35
runs/physionpp/train_pp_cons.log	156757	2026-07-06 16:03
runs/physionpp/train_pp_cons2.log	174732	2026-07-13 17:12
runs/physionpp/train_pp_consacc.log	156798	2026-07-06 16:01
runs/physionpp/train_pp_consacc2.log	174704	2026-07-13 17:10
runs/physionpp/train_pp_fr.log	143645	2026-07-06 16:00
runs/physionpp/train_pp_fr_app03.log	143859	2026-07-06 23:35
runs/physionpp/train_pp_fr_app05.log	143911	2026-07-06 23:40
runs/physionpp/train_pp_fr_app05_temp2.log	150459	2026-07-07 00:41
runs/physionpp/train_pp_fr_np20.log	158509	2026-07-07 06:45
runs/physionpp/train_pp_fr_np20sc.log	157773	2026-07-08 03:48
runs/physionpp/train_pp_fr_np28sc.log	164833	2026-07-09 08:54
runs/physionpp/train_pp_fr_np28sc_ho.log	147617	2026-07-12 03:51
runs/physionpp/train_pp_fr_s1234.log	161867	2026-07-13 16:24
runs/physionpp/train_pp_fr_s3072.log	161907	2026-07-13 21:28
runs/physionpp/train_pp_fr_s42.log	161684	2026-07-13 16:16
runs/physionpp/train_pp_fr_scnp16.log	142302	2026-07-07 01:00
runs/physionpp/train_pp_init_cube.log	157994	2026-07-13 19:55
runs/physionpp/train_pp_init_cube_s1234.log	157828	2026-07-14 04:19
runs/physionpp/train_pp_init_cube_s42.log	157989	2026-07-14 04:12
runs/physionpp/train_pp_init_pusht.log	157991	2026-07-13 19:51
runs/physionpp/train_pp_init_pusht_s1234.log	157998	2026-07-14 04:11
runs/physionpp/train_pp_init_pusht_s42.log	157998	2026-07-14 04:12
runs/physionpp/train_pp_init_scratch.log	157801	2026-07-13 19:41
runs/physionpp/train_pp_init_scratch_s1234.log	157831	2026-07-14 04:17
runs/physionpp/train_pp_init_scratch_s42.log	157816	2026-07-14 04:26
runs/physionpp/train_pp_struct.log	150801	2026-07-06 16:02
runs/physionpp/train_pp_struct2.log	169585	2026-07-13 17:11
runs/physionpp/train_pp_tf_s1234.log	164867	2026-07-13 14:45
runs/physionpp/train_pp_tf_s3072.log	165062	2026-07-13 14:45
runs/physionpp/train_pp_tf_s42.log	165123	2026-07-13 14:45
runs/piwm_baseline/eval_parabola.log	1192	2026-07-13 18:52
runs/piwm_baseline/eval_parabola_d0.json	1325	2026-07-13 18:52
runs/piwm_baseline/eval_uniform.log	1168	2026-07-13 18:44
runs/piwm_baseline/eval_uniform_motion.log	1168	2026-07-13 18:51
runs/piwm_baseline/eval_uniform_motion_d0.json	1280	2026-07-13 18:51
runs/piwm_baseline/redyn_orch.log	0	2026-07-13 18:49
runs/piwm_baseline/redyn_parabola.log	969	2026-07-13 18:52
runs/piwm_baseline/redyn_uniform_motion.log	808	2026-07-13 18:50
runs/piwm_baseline/smoke_uniform.log	235	2026-07-13 12:42
runs/piwm_baseline/train_parabola_d0.log	2980	2026-07-13 14:26
runs/piwm_baseline/train_uniform_d0.log	2815	2026-07-13 14:26
runs/pixel_rollout_lambda/logs/lam0.log	1166	2026-06-29 23:29
runs/pixel_rollout_lambda/logs/lam0p3.log	1168	2026-06-29 23:29
runs/pixel_rollout_lambda/logs/lam1.log	1167	2026-06-29 23:29
runs/pixel_rollout_lambda/logs/lam10.log	1166	2026-06-29 23:29
runs/pixel_rollout_lambda/logs/lam3.log	1162	2026-06-29 23:29
runs/pixel_rollout_lambda/logs/launcher.log	0	2026-06-29 23:27
runs/pixel_rollout_lambda/logs/master.log	248	2026-06-29 23:29
runs/pixel_rollout_lambda/pxroll_lam0.json	1589	2026-06-29 23:29
runs/pixel_rollout_lambda/pxroll_lam0p3.json	1588	2026-06-29 23:29
runs/pixel_rollout_lambda/pxroll_lam1.json	1599	2026-06-29 23:29
runs/pixel_rollout_lambda/pxroll_lam10.json	1589	2026-06-29 23:29
runs/pixel_rollout_lambda/pxroll_lam3.json	1586	2026-06-29 23:29
runs/pixel_rollout_structured/pxroll_structpos.json	1602	2026-07-03 00:38
runs/pretrain_physics/o2_par_pu_off.log	197	2026-07-11 20:56
runs/pretrain_physics/o2_par_pu_on.log	195	2026-07-11 20:57
runs/pretrain_physics/o2_par_sc_off.log	201	2026-07-11 20:55
runs/pretrain_physics/o2_par_sc_on.log	199	2026-07-11 20:59
runs/pretrain_physics/o_col_sc_off.log	199	2026-07-11 15:21
runs/pretrain_physics/o_col_sc_on.log	197	2026-07-11 15:22
runs/pretrain_physics/o_par_pu_off.log	195	2026-07-11 15:23
runs/pretrain_physics/o_par_pu_on.log	193	2026-07-11 15:26
runs/pretrain_physics/o_par_sc_off.log	199	2026-07-11 15:21
runs/pretrain_physics/o_par_sc_on.log	197	2026-07-11 15:23
runs/pretrain_physics/o_um_sc_off.log	198	2026-07-11 15:18
runs/pretrain_physics/o_um_sc_on.log	196	2026-07-11 15:21
runs/pretrain_physics/rollout_pp2_par_pusht_off.log	4634	2026-07-11 20:56
runs/pretrain_physics/rollout_pp2_par_pusht_on.log	4633	2026-07-11 20:57
runs/pretrain_physics/rollout_pp2_par_scratch_off.log	4642	2026-07-11 20:55
runs/pretrain_physics/rollout_pp2_par_scratch_on.log	5155	2026-07-11 20:59
runs/pretrain_physics/rollout_pp_col_scratch_off.log	3114	2026-07-11 15:21
runs/pretrain_physics/rollout_pp_col_scratch_on.log	3111	2026-07-11 15:22
runs/pretrain_physics/rollout_pp_par_pusht_off.log	4630	2026-07-11 15:23
runs/pretrain_physics/rollout_pp_par_pusht_on.log	4630	2026-07-11 15:26
runs/pretrain_physics/rollout_pp_par_scratch_off.log	5147	2026-07-11 15:21
runs/pretrain_physics/rollout_pp_par_scratch_on.log	5150	2026-07-11 15:23
runs/pretrain_physics/rollout_pp_um_scratch_off.log	8183	2026-07-11 15:18
runs/pretrain_physics/rollout_pp_um_scratch_on.log	8694	2026-07-11 15:21
runs/pretrain_physics/train_pp2_par_pusht_off.log	399010	2026-07-11 20:54
runs/pretrain_physics/train_pp2_par_pusht_on.log	440870	2026-07-11 20:56
runs/pretrain_physics/train_pp2_par_scratch_off.log	398859	2026-07-11 20:53
runs/pretrain_physics/train_pp2_par_scratch_on.log	440934	2026-07-11 20:57
runs/pretrain_physics/train_pp_col_scratch_off.log	237248	2026-07-11 15:20
runs/pretrain_physics/train_pp_col_scratch_on.log	258438	2026-07-11 15:21
runs/pretrain_physics/train_pp_par_pusht_off.log	237003	2026-07-11 15:22
runs/pretrain_physics/train_pp_par_pusht_on.log	258453	2026-07-11 15:25
runs/pretrain_physics/train_pp_par_scratch_off.log	236890	2026-07-11 15:20
runs/pretrain_physics/train_pp_par_scratch_on.log	258292	2026-07-11 15:21
runs/pretrain_physics/train_pp_um_scratch_off.log	236839	2026-07-11 15:17
runs/pretrain_physics/train_pp_um_scratch_on.log	258299	2026-07-11 15:19
runs/structdyn_eval/decoder_collision_baseline_fr_id1k.log	2012	2026-07-06 01:00
runs/structdyn_eval/decoder_collision_baseline_fr_np20_id1k.log	2037	2026-07-05 23:58
runs/structdyn_eval/decoder_uniform_motion_baseline_fr_id1k.log	1981	2026-07-05 15:23
runs/structdyn_eval/decoder_uniform_motion_structcv_fr_id1k.log	1981	2026-07-05 14:37
runs/structdyn_eval/decoder_uniform_motion_structcv_fr_pw100_id1k.log	2011	2026-07-05 19:09
runs/structdyn_eval/decoder_uniform_motion_structpos_fr_id1k.log	1986	2026-07-05 14:41
runs/structdyn_eval/decoder_uniform_motion_structpos_fr_pw30_id1k.log	2011	2026-07-05 19:13
runs/structdyn_eval/decoder_uniform_probeF2_fr.log	1916	2026-07-07 22:19
runs/structdyn_eval/decoder_uniform_probeF2_structpos_pw30_fr.log	1991	2026-07-07 22:19
runs/structdyn_eval/o_ppar_s1234.log	513	2026-07-15 01:51
runs/structdyn_eval/o_ppar_s42.log	505	2026-07-15 01:52
runs/structdyn_eval/o_ups_s1234.log	574	2026-07-15 01:52
runs/structdyn_eval/o_ups_s42.log	566	2026-07-15 01:51
runs/structdyn_eval/opt_queue.log	61	2026-07-05 20:17
runs/structdyn_eval/opt_queue_stdout.log	0	2026-07-05 20:17
runs/structdyn_eval/orch_areg1.log	479	2026-07-05 13:39
runs/structdyn_eval/orch_areg10.log	483	2026-07-05 13:38
runs/structdyn_eval/orch_baseline_fr.log	931	2026-07-05 15:25
runs/structdyn_eval/orch_baseline_tf.log	445	2026-07-05 14:42
runs/structdyn_eval/orch_col_app03sc03.log	468	2026-07-06 01:59
runs/structdyn_eval/orch_col_app03sc03np20.log	520	2026-07-06 14:12
runs/structdyn_eval/orch_col_app05sc03.log	468	2026-07-06 02:00
runs/structdyn_eval/orch_col_aug03.log	442	2026-07-06 01:27
runs/structdyn_eval/orch_col_aug03np20.log	482	2026-07-06 01:51
runs/structdyn_eval/orch_col_aug05.log	442	2026-07-06 01:36
runs/structdyn_eval/orch_col_aug05np20.log	482	2026-07-06 01:54
runs/structdyn_eval/orch_col_bl_fr.log	486	2026-07-05 16:01
runs/structdyn_eval/orch_col_bl_tf.log	430	2026-07-05 15:53
runs/structdyn_eval/orch_col_cons03.log	475	2026-07-05 21:26
runs/structdyn_eval/orch_col_cons1.log	475	2026-07-05 21:22
runs/structdyn_eval/orch_col_cons1acc.log	518	2026-07-05 21:25
runs/structdyn_eval/orch_col_const.log	461	2026-07-06 23:45
runs/structdyn_eval/orch_col_const_np20.log	504	2026-07-06 23:59
runs/structdyn_eval/orch_col_lf.log	467	2026-07-07 01:40
runs/structdyn_eval/orch_col_np12.log	481	2026-07-05 22:55
runs/structdyn_eval/orch_col_np16.log	481	2026-07-05 21:42
runs/structdyn_eval/orch_col_np16s1.log	497	2026-07-05 22:58
runs/structdyn_eval/orch_col_np18.log	481	2026-07-06 00:07
runs/structdyn_eval/orch_col_np20.log	481	2026-07-05 23:02
runs/structdyn_eval/orch_col_np20s1.log	497	2026-07-06 00:08
runs/structdyn_eval/orch_col_np24.log	481	2026-07-05 22:44
runs/structdyn_eval/orch_col_sc02.log	431	2026-07-06 02:00
runs/structdyn_eval/orch_col_sc03.log	431	2026-07-06 02:02
runs/structdyn_eval/orch_col_sc03np20.log	483	2026-07-06 02:11
runs/structdyn_eval/orch_col_sc03np20s1.log	499	2026-07-06 14:12
runs/structdyn_eval/orch_col_sc03np20s2.log	499	2026-07-06 14:13
runs/structdyn_eval/orch_col_sd_cons1.log	513	2026-07-05 21:23
runs/structdyn_eval/orch_col_sd_fr.log	489	2026-07-05 16:07
runs/structdyn_eval/orch_col_sd_np16.log	522	2026-07-05 22:59
runs/structdyn_eval/orch_col_sd_np24.log	522	2026-07-05 22:50
runs/structdyn_eval/orch_col_sd_pw30.log	504	2026-07-05 19:29
runs/structdyn_eval/orch_col_sp_pw30.log	466	2026-07-05 19:25
runs/structdyn_eval/orch_col_tmp2.log	485	2026-07-06 21:09
runs/structdyn_eval/orch_col_tmp2app03.log	522	2026-07-06 21:07
runs/structdyn_eval/orch_col_tmp2sc03.log	523	2026-07-06 21:10
runs/structdyn_eval/orch_col_tmp2sc03app03.log	551	2026-07-06 21:00
runs/structdyn_eval/orch_cv_pw10.log	509	2026-07-05 18:28
runs/structdyn_eval/orch_cv_pw100.log	513	2026-07-05 18:31
runs/structdyn_eval/orch_cv_pw3.log	505	2026-07-05 18:30
runs/structdyn_eval/orch_cv_pw30.log	509	2026-07-05 18:35
runs/structdyn_eval/orch_cvfrz.log	508	2026-07-05 13:38
runs/structdyn_eval/orch_dynonly.log	433	2026-07-05 13:39
runs/structdyn_eval/orch_frzenc.log	480	2026-07-05 13:41
runs/structdyn_eval/orch_p2_collision_pw1.log	462	2026-07-13 02:59
runs/structdyn_eval/orch_p2_collision_pw10.log	466	2026-07-13 02:59
runs/structdyn_eval/orch_p2_collision_pw100.log	470	2026-07-13 02:59
runs/structdyn_eval/orch_p2_collision_pw3.log	462	2026-07-13 03:55
runs/structdyn_eval/orch_p2_collision_pw300.log	470	2026-07-13 03:00
runs/structdyn_eval/orch_p2_par_pw100s1234.log	495	2026-07-13 13:37
runs/structdyn_eval/orch_p2_par_pw100s42.log	487	2026-07-13 13:35
runs/structdyn_eval/orch_p2_par_pw300s1234.log	495	2026-07-13 13:37
runs/structdyn_eval/orch_p2_par_pw300s42.log	487	2026-07-13 13:38
runs/structdyn_eval/orch_p2_parabola_pw1.log	459	2026-07-13 02:57
runs/structdyn_eval/orch_p2_parabola_pw10.log	463	2026-07-13 03:00
runs/structdyn_eval/orch_p2_parabola_pw100.log	467	2026-07-13 03:00
runs/structdyn_eval/orch_p2_parabola_pw3.log	459	2026-07-13 03:55
runs/structdyn_eval/orch_p2_parabola_pw300.log	467	2026-07-13 02:59
runs/structdyn_eval/orch_par_app07.log	427	2026-07-06 20:58
runs/structdyn_eval/orch_par_app10.log	427	2026-07-06 21:00
runs/structdyn_eval/orch_par_aug03.log	427	2026-07-06 01:40
runs/structdyn_eval/orch_par_aug05.log	427	2026-07-06 01:43
runs/structdyn_eval/orch_par_bl_fr.log	483	2026-07-05 16:03
runs/structdyn_eval/orch_par_bl_np16.log	478	2026-07-05 22:57
runs/structdyn_eval/orch_par_bl_tf.log	427	2026-07-05 15:53
runs/structdyn_eval/orch_par_cons1acc.log	536	2026-07-05 21:45
runs/structdyn_eval/orch_par_const.log	458	2026-07-06 23:44
runs/structdyn_eval/orch_par_const_app05.log	486	2026-07-06 23:44
runs/structdyn_eval/orch_par_gr.log	461	2026-07-07 01:55
runs/structdyn_eval/orch_par_lf.log	464	2026-07-07 01:55
runs/structdyn_eval/orch_par_mlp.log	447	2026-07-06 23:45
runs/structdyn_eval/orch_par_np16.log	553	2026-07-05 21:45
runs/structdyn_eval/orch_par_sc03.log	428	2026-07-06 14:00
runs/structdyn_eval/orch_par_sd_fr.log	486	2026-07-05 16:05
runs/structdyn_eval/orch_par_sd_pw30.log	501	2026-07-05 19:25
runs/structdyn_eval/orch_par_sp_pw30.log	463	2026-07-05 19:31
runs/structdyn_eval/orch_pw100s1234.log	513	2026-07-13 01:57
runs/structdyn_eval/orch_pw100s42.log	505	2026-07-13 01:58
runs/structdyn_eval/orch_pw10s1234.log	509	2026-07-13 01:58
runs/structdyn_eval/orch_pw10s42.log	501	2026-07-13 01:58
runs/structdyn_eval/orch_pw1s1234.log	505	2026-07-13 01:58
runs/structdyn_eval/orch_pw1s42.log	497	2026-07-13 01:58
runs/structdyn_eval/orch_pw3.log	477	2026-07-13 01:57
runs/structdyn_eval/orch_pw300.log	485	2026-07-13 01:58
runs/structdyn_eval/orch_px_col_np20.log	430	2026-07-05 23:58
runs/structdyn_eval/orch_px_col_np20_retry.log	375	2026-07-06 00:02
runs/structdyn_eval/orch_px_col_np8.log	410	2026-07-06 01:04
runs/structdyn_eval/orch_px_cv_pw100.log	454	2026-07-05 19:12
runs/structdyn_eval/orch_px_sp_pw30.log	454	2026-07-05 19:15
runs/structdyn_eval/orch_px_structcv_fr.log	430	2026-07-05 14:39
runs/structdyn_eval/orch_px_structpos.log	367	2026-07-05 14:18
runs/structdyn_eval/orch_px_structpos_fr.log	434	2026-07-05 14:43
runs/structdyn_eval/orch_sc03np18.log	474	2026-07-06 21:32
runs/structdyn_eval/orch_sc03np24.log	474	2026-07-06 21:07
runs/structdyn_eval/orch_sc04np18.log	474	2026-07-06 21:13
runs/structdyn_eval/orch_sc04np20.log	474	2026-07-06 21:34
runs/structdyn_eval/orch_sc05np20.log	474	2026-07-06 21:35
runs/structdyn_eval/orch_sc05np20s1.log	490	2026-07-06 22:45
runs/structdyn_eval/orch_sc05np20s2.log	490	2026-07-06 22:44
runs/structdyn_eval/orch_sc06np20.log	474	2026-07-06 22:44
runs/structdyn_eval/orch_sd_areg_pw10.log	519	2026-07-05 18:30
runs/structdyn_eval/orch_sp_pw10.log	481	2026-07-05 18:29
runs/structdyn_eval/orch_sp_pw100.log	485	2026-07-05 18:32
runs/structdyn_eval/orch_sp_pw30.log	481	2026-07-05 18:33
runs/structdyn_eval/orch_structcv_fr.log	532	2026-07-05 13:54
runs/structdyn_eval/orch_structpos_fr.log	504	2026-07-05 13:56
runs/structdyn_eval/orch_um_app07.log	424	2026-07-06 21:01
runs/structdyn_eval/orch_um_aug03.log	424	2026-07-06 01:29
runs/structdyn_eval/orch_um_aug05.log	424	2026-07-06 01:33
runs/structdyn_eval/orch_um_bl_np16.log	496	2026-07-05 22:58
runs/structdyn_eval/orch_um_const.log	455	2026-07-06 23:47
runs/structdyn_eval/orch_um_const_app05.log	483	2026-07-06 23:44
runs/structdyn_eval/orch_um_gr.log	458	2026-07-07 01:40
runs/structdyn_eval/orch_um_lf.log	461	2026-07-07 01:40
runs/structdyn_eval/orch_um_mlp.log	444	2026-07-06 23:34
runs/structdyn_eval/orch_um_np16.log	565	2026-07-05 21:38
runs/structdyn_eval/orch_um_sc03.log	425	2026-07-06 02:02
runs/structdyn_eval/orch_uniform_probeF2_fr.log	565	2026-07-07 00:56
runs/structdyn_eval/orch_uniform_probeF2_structpos_pw30_fr.log	629	2026-07-07 00:57
runs/structdyn_eval/orch_uniform_structposvel_pw30_fr.log	599	2026-07-07 22:45
runs/structdyn_eval/orchestrator.log	445	2026-07-05 01:11
runs/structdyn_eval/orchestrator_structcv.log	466	2026-07-05 13:27
runs/structdyn_eval/phase2_launcher.log	891	2026-07-13 02:59
runs/structdyn_eval/pixel_collision_baseline_fr_id1k.log	1224	2026-07-06 01:04
runs/structdyn_eval/pixel_collision_baseline_fr_np20_id1k.log	1242	2026-07-06 00:02
runs/structdyn_eval/pixel_uniform_motion_baseline_fr_id1k.log	1192	2026-07-05 15:25
runs/structdyn_eval/pixel_uniform_motion_structcv_fr_id1k.log	1191	2026-07-05 14:39
runs/structdyn_eval/pixel_uniform_motion_structcv_fr_pw100_id1k.log	1216	2026-07-05 19:12
runs/structdyn_eval/pixel_uniform_motion_structpos_fr_id1k.log	1193	2026-07-05 14:43
runs/structdyn_eval/pixel_uniform_motion_structpos_fr_pw30_id1k.log	1215	2026-07-05 19:15
runs/structdyn_eval/pixel_uniform_motion_structpos_id1k.log	1163	2026-07-05 14:18
runs/structdyn_eval/pixel_uniform_probeF2_fr.log	1137	2026-07-11 17:35
runs/structdyn_eval/pixel_uniform_probeF2_structpos_pw30_fr.log	1197	2026-07-11 17:35
runs/structdyn_eval/pxorch2_uniform_probeF2_fr.log	323	2026-07-11 17:35
runs/structdyn_eval/pxorch2_uniform_probeF2_structpos_pw30_fr.log	383	2026-07-11 17:35
runs/structdyn_eval/pxorch_uniform_probeF2_fr.log	378	2026-07-07 22:20
runs/structdyn_eval/pxorch_uniform_probeF2_structpos_pw30_fr.log	438	2026-07-07 22:20
runs/structdyn_eval/pxroll_collision_baseline_fr_id1k.json/pxroll_collision_baseline_fr_id1k.json	1629	2026-07-06 01:04
runs/structdyn_eval/pxroll_collision_baseline_fr_np20_id1k.json/pxroll_collision_baseline_fr_np20_id1k.json	1649	2026-07-06 00:02
runs/structdyn_eval/pxroll_uniform_motion_baseline_fr_id1k.json/pxroll_uniform_motion_baseline_fr_id1k.json	1655	2026-07-05 15:25
runs/structdyn_eval/pxroll_uniform_motion_structcv_fr_id1k.json/pxroll_uniform_motion_structcv_fr_id1k.json	1650	2026-07-05 14:39
runs/structdyn_eval/pxroll_uniform_motion_structcv_fr_pw100_id1k.json/pxroll_uniform_motion_structcv_fr_pw100_id1k.json	1673	2026-07-05 19:12
runs/structdyn_eval/pxroll_uniform_motion_structpos_fr_id1k.json/pxroll_uniform_motion_structpos_fr_id1k.json	1651	2026-07-05 14:43
runs/structdyn_eval/pxroll_uniform_motion_structpos_fr_pw30_id1k.json/pxroll_uniform_motion_structpos_fr_pw30_id1k.json	1674	2026-07-05 19:15
runs/structdyn_eval/pxroll_uniform_motion_structpos_id1k.json/pxroll_uniform_motion_structpos_id1k.json	1623	2026-07-05 14:18
runs/structdyn_eval/pxroll_uniform_probeF2_fr.json/pxroll_uniform_probeF2_fr.json	1601	2026-07-11 17:35
runs/structdyn_eval/pxroll_uniform_probeF2_structpos_pw30_fr.json/pxroll_uniform_probeF2_structpos_pw30_fr.json	1657	2026-07-11 17:35
runs/structdyn_eval/rollout_collision_app03_scale03_id1k.log	3659	2026-07-06 01:59
runs/structdyn_eval/rollout_collision_app03_scale03_np20_id1k.log	3673	2026-07-06 14:12
runs/structdyn_eval/rollout_collision_app05_scale03_id1k.log	3658	2026-07-06 02:00
runs/structdyn_eval/rollout_collision_aug03_np20_id1k.log	3651	2026-07-06 01:51
runs/structdyn_eval/rollout_collision_aug03_np8_id1k.log	3648	2026-07-06 01:27
runs/structdyn_eval/rollout_collision_aug05_np20_id1k.log	3651	2026-07-06 01:54
runs/structdyn_eval/rollout_collision_aug05_np8_id1k.log	3648	2026-07-06 01:35
runs/structdyn_eval/rollout_collision_baseline_fr_id1k.log	3138	2026-07-05 16:01
runs/structdyn_eval/rollout_collision_baseline_fr_np12_id1k.log	3155	2026-07-05 22:55
runs/structdyn_eval/rollout_collision_baseline_fr_np16_id1k.log	3153	2026-07-05 21:42
runs/structdyn_eval/rollout_collision_baseline_fr_np16_s1_id1k.log	3162	2026-07-05 22:58
runs/structdyn_eval/rollout_collision_baseline_fr_np18_id1k.log	3667	2026-07-06 00:07
runs/structdyn_eval/rollout_collision_baseline_fr_np20_id1k.log	3669	2026-07-05 23:02
runs/structdyn_eval/rollout_collision_baseline_fr_np20_s1_id1k.log	3162	2026-07-06 00:08
runs/structdyn_eval/rollout_collision_baseline_fr_np24_id1k.log	3669	2026-07-05 22:44
runs/structdyn_eval/rollout_collision_baseline_tf_id1k.log	3140	2026-07-05 15:53
runs/structdyn_eval/rollout_collision_labelfree_const_id1k.log	3150	2026-07-07 01:40
runs/structdyn_eval/rollout_collision_piwm_const_fr_id1k.log	3144	2026-07-06 23:45
runs/structdyn_eval/rollout_collision_piwm_const_np20_id1k.log	3664	2026-07-06 23:59
runs/structdyn_eval/rollout_collision_sc03_np18_id1k.log	3132	2026-07-06 21:32
runs/structdyn_eval/rollout_collision_sc03_np24_id1k.log	3646	2026-07-06 21:07
runs/structdyn_eval/rollout_collision_sc04_np18_id1k.log	3132	2026-07-06 21:13
runs/structdyn_eval/rollout_collision_sc04_np20_id1k.log	3132	2026-07-06 21:34
runs/structdyn_eval/rollout_collision_sc05_np20_id1k.log	3132	2026-07-06 21:35
runs/structdyn_eval/rollout_collision_sc05_np20_s1_id1k.log	3141	2026-07-06 22:45
runs/structdyn_eval/rollout_collision_sc05_np20_s2_id1k.log	3141	2026-07-06 22:44
runs/structdyn_eval/rollout_collision_sc06_np20_id1k.log	3132	2026-07-06 22:44
runs/structdyn_eval/rollout_collision_scale02_id1k.log	3126	2026-07-06 02:00
runs/structdyn_eval/rollout_collision_scale03_id1k.log	3126	2026-07-06 02:02
runs/structdyn_eval/rollout_collision_scale03_np20_id1k.log	3141	2026-07-06 02:11
runs/structdyn_eval/rollout_collision_scale03_np20_s1_id1k.log	3664	2026-07-06 14:12
runs/structdyn_eval/rollout_collision_scale03_np20_s2_id1k.log	3664	2026-07-06 14:12
runs/structdyn_eval/rollout_collision_structdyn_areg_cons1p0_id1k.log	3173	2026-07-05 21:23
runs/structdyn_eval/rollout_collision_structdyn_areg_fr_np16_id1k.log	3685	2026-07-05 22:59
runs/structdyn_eval/rollout_collision_structdyn_areg_fr_np24_id1k.log	3687	2026-07-05 22:50
runs/structdyn_eval/rollout_collision_structdyn_areg_fr_pw30_id1k.log	3173	2026-07-05 19:29
runs/structdyn_eval/rollout_collision_structdyn_fr_id1k.log	3141	2026-07-05 16:07
runs/structdyn_eval/rollout_collision_structpos_cons0p3_id1k.log	3156	2026-07-05 21:26
runs/structdyn_eval/rollout_collision_structpos_cons1p0_id1k.log	3158	2026-07-05 21:22
runs/structdyn_eval/rollout_collision_structpos_cons1p0acc_id1k.log	3167	2026-07-05 21:25
runs/structdyn_eval/rollout_collision_structpos_fr_pw100_id1k.log	3159	2026-07-13 02:59
runs/structdyn_eval/rollout_collision_structpos_fr_pw10_id1k.log	3156	2026-07-13 02:59
runs/structdyn_eval/rollout_collision_structpos_fr_pw1_id1k.log	3153	2026-07-13 02:59
runs/structdyn_eval/rollout_collision_structpos_fr_pw300_id1k.log	3159	2026-07-13 03:00
runs/structdyn_eval/rollout_collision_structpos_fr_pw30_id1k.log	3158	2026-07-05 19:25
runs/structdyn_eval/rollout_collision_structpos_fr_pw3_id1k.log	3153	2026-07-13 03:55
runs/structdyn_eval/rollout_collision_temporal2_app03_id1k.log	3664	2026-07-06 21:07
runs/structdyn_eval/rollout_collision_temporal2_id1k.log	3132	2026-07-06 21:09
runs/structdyn_eval/rollout_collision_temporal2_sc03_app03_id1k.log	3679	2026-07-06 21:00
runs/structdyn_eval/rollout_collision_temporal2_scale03_id1k.log	3156	2026-07-06 21:10
runs/structdyn_eval/rollout_parabola_app07_id1k.log	5155	2026-07-06 20:58
runs/structdyn_eval/rollout_parabola_app10_id1k.log	5153	2026-07-06 21:00
runs/structdyn_eval/rollout_parabola_aug03_id1k.log	5153	2026-07-06 01:40
runs/structdyn_eval/rollout_parabola_aug05_id1k.log	5155	2026-07-06 01:43
runs/structdyn_eval/rollout_parabola_baseline_fr_id1k.log	4657	2026-07-05 16:03
runs/structdyn_eval/rollout_parabola_baseline_fr_np16_id1k.log	5185	2026-07-05 22:57
runs/structdyn_eval/rollout_parabola_baseline_tf_id1k.log	4661	2026-07-05 15:53
runs/structdyn_eval/rollout_parabola_dyn_mlp_fr_id1k.log	5169	2026-07-06 23:45
runs/structdyn_eval/rollout_parabola_grounded_const_id1k.log	5182	2026-07-07 01:55
runs/structdyn_eval/rollout_parabola_labelfree_const_id1k.log	4670	2026-07-07 01:55
runs/structdyn_eval/rollout_parabola_piwm_const_app05_id1k.log	5187	2026-07-06 23:44
runs/structdyn_eval/rollout_parabola_piwm_const_fr_id1k.log	5179	2026-07-06 23:44
runs/structdyn_eval/rollout_parabola_probeF2_fr_s1234.log	4658	2026-07-15 01:51
runs/structdyn_eval/rollout_parabola_probeF2_fr_s42.log	5166	2026-07-15 01:52
runs/structdyn_eval/rollout_parabola_scale03_id1k.log	4646	2026-07-06 14:00
runs/structdyn_eval/rollout_parabola_structdyn_areg_fr_pw30_id1k.log	4693	2026-07-05 19:25
runs/structdyn_eval/rollout_parabola_structdyn_areg_fr_pw30_np16_id1k.log	5221	2026-07-05 21:45
runs/structdyn_eval/rollout_parabola_structdyn_fr_id1k.log	4661	2026-07-05 16:04
runs/structdyn_eval/rollout_parabola_structpos_cons1p0acc_id1k.log	5201	2026-07-05 21:45
runs/structdyn_eval/rollout_parabola_structpos_fr_pw100_id1k.log	5193	2026-07-13 03:00
runs/structdyn_eval/rollout_parabola_structpos_fr_pw100_s1234_id1k.log	5213	2026-07-13 13:37
runs/structdyn_eval/rollout_parabola_structpos_fr_pw100_s42_id1k.log	5208	2026-07-13 13:35
runs/structdyn_eval/rollout_parabola_structpos_fr_pw10_id1k.log	5190	2026-07-13 03:00
runs/structdyn_eval/rollout_parabola_structpos_fr_pw1_id1k.log	4673	2026-07-13 02:57
runs/structdyn_eval/rollout_parabola_structpos_fr_pw300_id1k.log	5193	2026-07-13 02:59
runs/structdyn_eval/rollout_parabola_structpos_fr_pw300_s1234_id1k.log	5213	2026-07-13 13:37
runs/structdyn_eval/rollout_parabola_structpos_fr_pw300_s42_id1k.log	5207	2026-07-13 13:38
runs/structdyn_eval/rollout_parabola_structpos_fr_pw30_id1k.log	5190	2026-07-05 19:31
runs/structdyn_eval/rollout_parabola_structpos_fr_pw3_id1k.log	4673	2026-07-13 03:55
runs/structdyn_eval/rollout_uniform_app07_id1k.log	8700	2026-07-06 21:01
runs/structdyn_eval/rollout_uniform_aug03_id1k.log	8703	2026-07-06 01:29
runs/structdyn_eval/rollout_uniform_aug05_id1k.log	8703	2026-07-06 01:33
runs/structdyn_eval/rollout_uniform_dyn_mlp_fr_id1k.log	8203	2026-07-06 23:34
runs/structdyn_eval/rollout_uniform_grounded_const_id1k.log	8213	2026-07-07 01:40
runs/structdyn_eval/rollout_uniform_labelfree_const_id1k.log	8216	2026-07-07 01:40
runs/structdyn_eval/rollout_uniform_motion_baseline_fr_id1k.log	8225	2026-07-05 14:56
runs/structdyn_eval/rollout_uniform_motion_baseline_fr_np16_id1k.log	8240	2026-07-05 22:58
runs/structdyn_eval/rollout_uniform_motion_baseline_tf_id1k.log	8225	2026-07-05 14:42
runs/structdyn_eval/rollout_uniform_motion_dynonly_id1k.log	8213	2026-07-05 13:39
runs/structdyn_eval/rollout_uniform_motion_structcv_fr_id1k.log	8225	2026-07-05 13:54
runs/structdyn_eval/rollout_uniform_motion_structcv_fr_pw100_id1k.log	8243	2026-07-05 18:31
runs/structdyn_eval/rollout_uniform_motion_structcv_fr_pw100_np16_id1k.log	8770	2026-07-05 21:38
runs/structdyn_eval/rollout_uniform_motion_structcv_fr_pw10_id1k.log	8243	2026-07-05 18:28
runs/structdyn_eval/rollout_uniform_motion_structcv_fr_pw30_id1k.log	8240	2026-07-05 18:35
runs/structdyn_eval/rollout_uniform_motion_structcv_fr_pw3_id1k.log	8239	2026-07-05 18:30
runs/structdyn_eval/rollout_uniform_motion_structcv_frzenc_id1k.log	8237	2026-07-05 13:38
runs/structdyn_eval/rollout_uniform_motion_structcv_id1k.log	8218	2026-07-05 13:27
runs/structdyn_eval/rollout_uniform_motion_structdyn_areg10_id1k.log	8242	2026-07-05 13:38
runs/structdyn_eval/rollout_uniform_motion_structdyn_areg1_id1k.log	8237	2026-07-05 13:39
runs/structdyn_eval/rollout_uniform_motion_structdyn_areg_fr_pw10_id1k.log	8260	2026-07-05 18:30
runs/structdyn_eval/rollout_uniform_motion_structdyn_frzenc_id1k.log	8242	2026-07-05 13:41
runs/structdyn_eval/rollout_uniform_motion_structdyn_id1k.log	8199	2026-07-05 01:11
runs/structdyn_eval/rollout_uniform_motion_structpos_fr_id1k.log	8228	2026-07-05 13:56
runs/structdyn_eval/rollout_uniform_motion_structpos_fr_pw100_id1k.log	8760	2026-07-05 18:32
runs/structdyn_eval/rollout_uniform_motion_structpos_fr_pw100_s1234_id1k.log	8264	2026-07-13 01:57
runs/structdyn_eval/rollout_uniform_motion_structpos_fr_pw100_s42_id1k.log	8772	2026-07-13 01:58
runs/structdyn_eval/rollout_uniform_motion_structpos_fr_pw10_id1k.log	8245	2026-07-05 18:29
runs/structdyn_eval/rollout_uniform_motion_structpos_fr_pw10_s1234_id1k.log	8261	2026-07-13 01:58
runs/structdyn_eval/rollout_uniform_motion_structpos_fr_pw10_s42_id1k.log	8255	2026-07-13 01:58
runs/structdyn_eval/rollout_uniform_motion_structpos_fr_pw1_s1234_id1k.log	8258	2026-07-13 01:58
runs/structdyn_eval/rollout_uniform_motion_structpos_fr_pw1_s42_id1k.log	8252	2026-07-13 01:57
runs/structdyn_eval/rollout_uniform_motion_structpos_fr_pw300_id1k.log	8760	2026-07-13 01:58
runs/structdyn_eval/rollout_uniform_motion_structpos_fr_pw30_id1k.log	8759	2026-07-05 18:33
runs/structdyn_eval/rollout_uniform_motion_structpos_fr_pw3_id1k.log	8240	2026-07-13 01:57
runs/structdyn_eval/rollout_uniform_piwm_const_app05_id1k.log	8733	2026-07-06 23:44
runs/structdyn_eval/rollout_uniform_piwm_const_fr_id1k.log	8210	2026-07-06 23:47
runs/structdyn_eval/rollout_uniform_probeF2_fr.log	8186	2026-07-07 00:56
runs/structdyn_eval/rollout_uniform_probeF2_structpos_pw30_fr.log	8231	2026-07-07 00:57
runs/structdyn_eval/rollout_uniform_probeF2_structpos_pw30_fr_s1234.log	8249	2026-07-15 01:52
runs/structdyn_eval/rollout_uniform_probeF2_structpos_pw30_fr_s42.log	8243	2026-07-15 01:51
runs/structdyn_eval/rollout_uniform_scale03_id1k.log	8192	2026-07-06 02:02
runs/structdyn_eval/rollout_uniform_structposvel_pw30_fr.log	8216	2026-07-07 22:45
runs/structdyn_eval/train_collision_app03_scale03_id1k.log	130193	2026-07-06 01:57
runs/structdyn_eval/train_collision_app03_scale03_np20_id1k.log	129425	2026-07-06 14:10
runs/structdyn_eval/train_collision_app05_scale03_id1k.log	130545	2026-07-06 01:59
runs/structdyn_eval/train_collision_aug03_np20_id1k.log	129407	2026-07-06 01:49
runs/structdyn_eval/train_collision_aug03_np8_id1k.log	130355	2026-07-06 01:25
runs/structdyn_eval/train_collision_aug05_np20_id1k.log	129394	2026-07-06 01:52
runs/structdyn_eval/train_collision_aug05_np8_id1k.log	130330	2026-07-06 01:33
runs/structdyn_eval/train_collision_baseline_fr_id1k.log	130326	2026-07-05 15:59
runs/structdyn_eval/train_collision_baseline_fr_np12_id1k.log	130406	2026-07-05 22:53
runs/structdyn_eval/train_collision_baseline_fr_np16_id1k.log	130368	2026-07-05 21:41
runs/structdyn_eval/train_collision_baseline_fr_np16_s1_id1k.log	130155	2026-07-05 22:57
runs/structdyn_eval/train_collision_baseline_fr_np18_id1k.log	130362	2026-07-06 00:05
runs/structdyn_eval/train_collision_baseline_fr_np20_id1k.log	130043	2026-07-05 23:00
runs/structdyn_eval/train_collision_baseline_fr_np20_s1_id1k.log	129809	2026-07-06 00:06
runs/structdyn_eval/train_collision_baseline_fr_np24_id1k.log	127859	2026-07-05 22:42
runs/structdyn_eval/train_collision_baseline_tf_id1k.log	128895	2026-07-05 15:51
runs/structdyn_eval/train_collision_labelfree_const_id1k.log	130630	2026-07-07 01:38
runs/structdyn_eval/train_collision_piwm_const_fr_id1k.log	137495	2026-07-06 23:43
runs/structdyn_eval/train_collision_piwm_const_np20_id1k.log	136768	2026-07-06 23:58
runs/structdyn_eval/train_collision_sc03_np18_id1k.log	130364	2026-07-06 21:31
runs/structdyn_eval/train_collision_sc03_np24_id1k.log	128073	2026-07-06 21:05
runs/structdyn_eval/train_collision_sc04_np18_id1k.log	130560	2026-07-06 21:12
runs/structdyn_eval/train_collision_sc04_np20_id1k.log	129578	2026-07-06 21:33
runs/structdyn_eval/train_collision_sc05_np20_id1k.log	129591	2026-07-06 21:34
runs/structdyn_eval/train_collision_sc05_np20_s1_id1k.log	129575	2026-07-06 22:44
runs/structdyn_eval/train_collision_sc05_np20_s2_id1k.log	130022	2026-07-06 22:43
runs/structdyn_eval/train_collision_sc06_np20_id1k.log	129648	2026-07-06 22:42
runs/structdyn_eval/train_collision_scale02_id1k.log	130913	2026-07-06 01:59
runs/structdyn_eval/train_collision_scale03_id1k.log	130332	2026-07-06 02:00
runs/structdyn_eval/train_collision_scale03_np20_id1k.log	129624	2026-07-06 02:10
runs/structdyn_eval/train_collision_scale03_np20_s1_id1k.log	129425	2026-07-06 14:10
runs/structdyn_eval/train_collision_scale03_np20_s2_id1k.log	129394	2026-07-06 14:11
runs/structdyn_eval/train_collision_structdyn_areg_cons1p0_id1k.log	149695	2026-07-05 21:21
runs/structdyn_eval/train_collision_structdyn_areg_fr_np16_id1k.log	143788	2026-07-05 22:58
runs/structdyn_eval/train_collision_structdyn_areg_fr_np24_id1k.log	141385	2026-07-05 22:48
runs/structdyn_eval/train_collision_structdyn_areg_fr_pw30_id1k.log	143626	2026-07-05 19:27
runs/structdyn_eval/train_collision_structdyn_fr_id1k.log	138273	2026-07-05 16:05
runs/structdyn_eval/train_collision_structpos_cons0p3_id1k.log	143464	2026-07-05 21:24
runs/structdyn_eval/train_collision_structpos_cons1p0_id1k.log	143894	2026-07-05 21:20
runs/structdyn_eval/train_collision_structpos_cons1p0acc_id1k.log	143867	2026-07-05 21:23
runs/structdyn_eval/train_collision_structpos_fr_pw100_id1k.log	137233	2026-07-13 02:58
runs/structdyn_eval/train_collision_structpos_fr_pw10_id1k.log	137233	2026-07-13 02:57
runs/structdyn_eval/train_collision_structpos_fr_pw1_id1k.log	137498	2026-07-13 02:57
runs/structdyn_eval/train_collision_structpos_fr_pw300_id1k.log	137233	2026-07-13 02:59
runs/structdyn_eval/train_collision_structpos_fr_pw30_id1k.log	137440	2026-07-05 19:23
runs/structdyn_eval/train_collision_structpos_fr_pw3_id1k.log	137233	2026-07-13 03:54
runs/structdyn_eval/train_collision_temporal2_app03_id1k.log	130113	2026-07-06 21:05
runs/structdyn_eval/train_collision_temporal2_id1k.log	130093	2026-07-06 21:07
runs/structdyn_eval/train_collision_temporal2_sc03_app03_id1k.log	130186	2026-07-06 20:58
runs/structdyn_eval/train_collision_temporal2_scale03_id1k.log	130115	2026-07-06 21:09
runs/structdyn_eval/train_parabola_app07_id1k.log	130173	2026-07-06 20:55
runs/structdyn_eval/train_parabola_app10_id1k.log	130173	2026-07-06 20:58
runs/structdyn_eval/train_parabola_aug03_id1k.log	130036	2026-07-06 01:37
runs/structdyn_eval/train_parabola_aug05_id1k.log	129989	2026-07-06 01:41
runs/structdyn_eval/train_parabola_baseline_fr_id1k.log	130405	2026-07-05 16:01
runs/structdyn_eval/train_parabola_baseline_fr_np16_id1k.log	130275	2026-07-05 22:55
runs/structdyn_eval/train_parabola_baseline_tf_id1k.log	128941	2026-07-05 15:51
runs/structdyn_eval/train_parabola_dyn_mlp_fr_id1k.log	137936	2026-07-06 23:44
runs/structdyn_eval/train_parabola_grounded_const_id1k.log	137438	2026-07-07 01:54
runs/structdyn_eval/train_parabola_labelfree_const_id1k.log	130272	2026-07-07 01:53
runs/structdyn_eval/train_parabola_piwm_const_app05_id1k.log	137414	2026-07-06 23:43
runs/structdyn_eval/train_parabola_piwm_const_fr_id1k.log	137545	2026-07-06 23:43
runs/structdyn_eval/train_parabola_probeF2_fr_s1234.log	135168	2026-07-15 01:50
runs/structdyn_eval/train_parabola_probeF2_fr_s42.log	135362	2026-07-15 01:51
runs/structdyn_eval/train_parabola_scale03_id1k.log	129989	2026-07-06 13:58
runs/structdyn_eval/train_parabola_structdyn_areg_fr_pw30_id1k.log	143618	2026-07-05 19:23
runs/structdyn_eval/train_parabola_structdyn_areg_fr_pw30_np16_id1k.log	144737	2026-07-05 21:43
runs/structdyn_eval/train_parabola_structdyn_fr_id1k.log	138128	2026-07-05 16:03
runs/structdyn_eval/train_parabola_structpos_cons1p0acc_id1k.log	147880	2026-07-05 21:43
runs/structdyn_eval/train_parabola_structpos_fr_pw100_id1k.log	137088	2026-07-13 02:59
runs/structdyn_eval/train_parabola_structpos_fr_pw100_s1234_id1k.log	137944	2026-07-13 13:35
runs/structdyn_eval/train_parabola_structpos_fr_pw100_s42_id1k.log	137301	2026-07-13 13:33
runs/structdyn_eval/train_parabola_structpos_fr_pw10_id1k.log	137088	2026-07-13 02:58
runs/structdyn_eval/train_parabola_structpos_fr_pw1_id1k.log	136927	2026-07-13 02:55
runs/structdyn_eval/train_parabola_structpos_fr_pw300_id1k.log	137088	2026-07-13 02:58
runs/structdyn_eval/train_parabola_structpos_fr_pw300_s1234_id1k.log	137304	2026-07-13 13:34
runs/structdyn_eval/train_parabola_structpos_fr_pw300_s42_id1k.log	137373	2026-07-13 13:36
runs/structdyn_eval/train_parabola_structpos_fr_pw30_id1k.log	137088	2026-07-05 19:29
runs/structdyn_eval/train_parabola_structpos_fr_pw3_id1k.log	137112	2026-07-13 03:54
runs/structdyn_eval/train_uniform_app07_id1k.log	130193	2026-07-06 20:59
runs/structdyn_eval/train_uniform_aug03_id1k.log	130045	2026-07-06 01:26
runs/structdyn_eval/train_uniform_aug05_id1k.log	130402	2026-07-06 01:31
runs/structdyn_eval/train_uniform_dyn_mlp_fr_id1k.log	138374	2026-07-06 23:32
runs/structdyn_eval/train_uniform_grounded_const_id1k.log	137434	2026-07-07 01:39
runs/structdyn_eval/train_uniform_labelfree_const_id1k.log	130232	2026-07-07 01:39
runs/structdyn_eval/train_uniform_motion_baseline_fr_id1k.log	130053	2026-07-05 14:54
runs/structdyn_eval/train_uniform_motion_baseline_fr_np16_id1k.log	130043	2026-07-05 22:57
runs/structdyn_eval/train_uniform_motion_baseline_tf_id1k.log	129374	2026-07-05 14:40
runs/structdyn_eval/train_uniform_motion_dynonly_id1k.log	129756	2026-07-05 13:37
runs/structdyn_eval/train_uniform_motion_structcv_fr_id1k.log	137421	2026-07-05 13:53
runs/structdyn_eval/train_uniform_motion_structcv_fr_pw100_id1k.log	137578	2026-07-05 18:30
runs/structdyn_eval/train_uniform_motion_structcv_fr_pw100_np16_id1k.log	137632	2026-07-05 21:36
runs/structdyn_eval/train_uniform_motion_structcv_fr_pw10_id1k.log	137683	2026-07-05 18:26
runs/structdyn_eval/train_uniform_motion_structcv_fr_pw30_id1k.log	137583	2026-07-05 18:33
runs/structdyn_eval/train_uniform_motion_structcv_fr_pw3_id1k.log	138033	2026-07-05 18:28
runs/structdyn_eval/train_uniform_motion_structcv_frzenc_id1k.log	136446	2026-07-05 13:37
runs/structdyn_eval/train_uniform_motion_structcv_id1k.log	136128	2026-07-05 13:25
runs/structdyn_eval/train_uniform_motion_structdyn_areg10_id1k.log	142592	2026-07-05 13:37
runs/structdyn_eval/train_uniform_motion_structdyn_areg1_id1k.log	142378	2026-07-05 13:37
runs/structdyn_eval/train_uniform_motion_structdyn_areg_fr_pw10_id1k.log	143684	2026-07-05 18:28
runs/structdyn_eval/train_uniform_motion_structdyn_frzenc_id1k.log	137715	2026-07-05 13:39
runs/structdyn_eval/train_uniform_motion_structdyn_id1k.log	136728	2026-07-05 01:09
runs/structdyn_eval/train_uniform_motion_structpos_fr_id1k.log	137526	2026-07-05 13:55
runs/structdyn_eval/train_uniform_motion_structpos_fr_pw100_id1k.log	137316	2026-07-05 18:31
runs/structdyn_eval/train_uniform_motion_structpos_fr_pw100_s1234_id1k.log	137124	2026-07-13 01:56
runs/structdyn_eval/train_uniform_motion_structpos_fr_pw100_s42_id1k.log	137124	2026-07-13 01:56
runs/structdyn_eval/train_uniform_motion_structpos_fr_pw10_id1k.log	137149	2026-07-05 18:26
runs/structdyn_eval/train_uniform_motion_structpos_fr_pw10_s1234_id1k.log	137148	2026-07-13 01:57
runs/structdyn_eval/train_uniform_motion_structpos_fr_pw10_s42_id1k.log	137148	2026-07-13 01:57
runs/structdyn_eval/train_uniform_motion_structpos_fr_pw1_s1234_id1k.log	137160	2026-07-13 01:56
runs/structdyn_eval/train_uniform_motion_structpos_fr_pw1_s42_id1k.log	137172	2026-07-13 01:56
runs/structdyn_eval/train_uniform_motion_structpos_fr_pw300_id1k.log	137313	2026-07-13 01:57
runs/structdyn_eval/train_uniform_motion_structpos_fr_pw30_id1k.log	137101	2026-07-05 18:32
runs/structdyn_eval/train_uniform_motion_structpos_fr_pw3_id1k.log	137149	2026-07-13 01:56
runs/structdyn_eval/train_uniform_piwm_const_app05_id1k.log	137575	2026-07-06 23:43
runs/structdyn_eval/train_uniform_piwm_const_fr_id1k.log	137575	2026-07-06 23:46
runs/structdyn_eval/train_uniform_probeF2_fr.log	135143	2026-07-07 00:55
runs/structdyn_eval/train_uniform_probeF2_structpos_pw30_fr.log	142600	2026-07-07 00:55
runs/structdyn_eval/train_uniform_probeF2_structpos_pw30_fr_s1234.log	142952	2026-07-15 01:51
runs/structdyn_eval/train_uniform_probeF2_structpos_pw30_fr_s42.log	142549	2026-07-15 01:50
runs/structdyn_eval/train_uniform_scale03_id1k.log	129911	2026-07-06 02:00
runs/structdyn_eval/train_uniform_structposvel_pw30_fr.log	137234	2026-07-07 22:44
runs/structured_eval/pixel_rollout_structpos.log	1249	2026-07-03 00:38
runs/structured_eval/rollout_uniform_structpos.log	8267	2026-07-03 00:12
runs/structured_eval/train_udecoder_structpos.log	1999	2026-07-03 00:34
runs/sweep_collision_logs/launcher.log	0	2026-06-05 22:28
runs/sweep_collision_logs/rollout_sw_w10p0_f4.log	1324	2026-06-05 22:33
runs/sweep_collision_logs/sweep.log	641	2026-06-05 22:33
runs/sweep_collision_logs/train_collision_sw_w0p1_f1_id1k.log	78463	2026-06-05 22:33
runs/sweep_collision_logs/train_collision_sw_w0p1_f2_id1k.log	79582	2026-06-05 22:33
runs/sweep_collision_logs/train_collision_sw_w0p1_f4_id1k.log	78614	2026-06-05 22:33
runs/sweep_collision_logs/train_collision_sw_w10p0_f1_id1k.log	79646	2026-06-05 22:33
runs/sweep_collision_logs/train_collision_sw_w10p0_f2_id1k.log	80093	2026-06-05 22:33
runs/sweep_collision_logs/train_collision_sw_w10p0_f4_id1k.log	133475	2026-06-05 22:30
runs/sweep_collision_logs/train_collision_sw_w1p0_f1_id1k.log	79442	2026-06-05 22:33
runs/sweep_collision_logs/train_collision_sw_w1p0_f2_id1k.log	78664	2026-06-05 22:33
runs/sweep_collision_logs/train_collision_sw_w1p0_f4_id1k.log	78602	2026-06-05 22:33
runs/sweep_parabola_logs/launcher.log	0	2026-06-05 22:23
runs/sweep_parabola_logs/sweep.log	644	2026-06-05 22:23
runs/sweep_parabola_logs/train_parabola_sw_w0p1_f1_id1k.log	88108	2026-06-05 22:33
runs/sweep_parabola_logs/train_parabola_sw_w0p1_f2_id1k.log	87912	2026-06-05 22:33
runs/sweep_parabola_logs/train_parabola_sw_w0p1_f4_id1k.log	90654	2026-06-05 22:33
runs/sweep_parabola_logs/train_parabola_sw_w10p0_f1_id1k.log	91215	2026-06-05 22:33
runs/sweep_parabola_logs/train_parabola_sw_w10p0_f2_id1k.log	90375	2026-06-05 22:33
runs/sweep_parabola_logs/train_parabola_sw_w10p0_f4_id1k.log	89884	2026-06-05 22:33
runs/sweep_parabola_logs/train_parabola_sw_w1p0_f1_id1k.log	91264	2026-06-05 22:33
runs/sweep_parabola_logs/train_parabola_sw_w1p0_f2_id1k.log	90580	2026-06-05 22:33
runs/sweep_parabola_logs/train_parabola_sw_w1p0_f4_id1k.log	88736	2026-06-05 22:33
runs/sweep_three_domains_extend_logs_BROKEN/launcher.log	0	2026-06-05 23:45
runs/sweep_three_domains_extend_logs_BROKEN/rollout_collision_w30p0_f1.log	3119	2026-06-06 00:18
runs/sweep_three_domains_extend_logs_BROKEN/rollout_collision_w30p0_f2.log	3119	2026-06-06 00:22
runs/sweep_three_domains_extend_logs_BROKEN/rollout_collision_w30p0_f4.log	3119	2026-06-06 00:18
runs/sweep_three_domains_extend_logs_BROKEN/rollout_collision_w50p0_f1.log	3119	2026-06-06 00:18
runs/sweep_three_domains_extend_logs_BROKEN/rollout_collision_w50p0_f2.log	3119	2026-06-06 00:21
runs/sweep_three_domains_extend_logs_BROKEN/rollout_collision_w50p0_f4.log	3119	2026-06-06 00:22
runs/sweep_three_domains_extend_logs_BROKEN/rollout_parabola_w30p0_f1.log	4638	2026-06-06 00:21
runs/sweep_three_domains_extend_logs_BROKEN/rollout_parabola_w30p0_f2.log	5152	2026-06-06 00:20
runs/sweep_three_domains_extend_logs_BROKEN/rollout_parabola_w30p0_f4.log	5154	2026-06-06 00:17
runs/sweep_three_domains_extend_logs_BROKEN/rollout_parabola_w50p0_f1.log	4638	2026-06-06 00:17
runs/sweep_three_domains_extend_logs_BROKEN/rollout_parabola_w50p0_f2.log	5153	2026-06-06 00:17
runs/sweep_three_domains_extend_logs_BROKEN/rollout_parabola_w50p0_f4.log	5153	2026-06-06 00:18
runs/sweep_three_domains_extend_logs_BROKEN/rollout_uniform_w30p0_f1.log	8187	2026-06-06 00:18
runs/sweep_three_domains_extend_logs_BROKEN/rollout_uniform_w30p0_f2.log	8701	2026-06-06 00:21
runs/sweep_three_domains_extend_logs_BROKEN/rollout_uniform_w30p0_f4.log	8701	2026-06-06 00:21
runs/sweep_three_domains_extend_logs_BROKEN/rollout_uniform_w50p0_f1.log	8187	2026-06-06 00:19
runs/sweep_three_domains_extend_logs_BROKEN/rollout_uniform_w50p0_f2.log	8701	2026-06-06 00:18
runs/sweep_three_domains_extend_logs_BROKEN/rollout_uniform_w50p0_f4.log	8699	2026-06-06 00:17
runs/sweep_three_domains_extend_logs_BROKEN/sweep.log	2949	2026-06-06 00:22
runs/sweep_three_domains_extend_logs_BROKEN/train_collision_sw_w30p0_f1_id1k.log	131279	2026-06-06 00:16
runs/sweep_three_domains_extend_logs_BROKEN/train_collision_sw_w30p0_f2_id1k.log	131069	2026-06-06 00:21
runs/sweep_three_domains_extend_logs_BROKEN/train_collision_sw_w30p0_f4_id1k.log	131065	2026-06-06 00:16
runs/sweep_three_domains_extend_logs_BROKEN/train_collision_sw_w50p0_f1_id1k.log	131030	2026-06-06 00:16
runs/sweep_three_domains_extend_logs_BROKEN/train_collision_sw_w50p0_f2_id1k.log	131116	2026-06-06 00:20
runs/sweep_three_domains_extend_logs_BROKEN/train_collision_sw_w50p0_f4_id1k.log	131307	2026-06-06 00:21
runs/sweep_three_domains_extend_logs_BROKEN/train_parabola_sw_w30p0_f1_id1k.log	131107	2026-06-06 00:19
runs/sweep_three_domains_extend_logs_BROKEN/train_parabola_sw_w30p0_f2_id1k.log	130988	2026-06-06 00:19
runs/sweep_three_domains_extend_logs_BROKEN/train_parabola_sw_w30p0_f4_id1k.log	130871	2026-06-06 00:15
runs/sweep_three_domains_extend_logs_BROKEN/train_parabola_sw_w50p0_f1_id1k.log	130885	2026-06-06 00:16
runs/sweep_three_domains_extend_logs_BROKEN/train_parabola_sw_w50p0_f2_id1k.log	130871	2026-06-06 00:16
runs/sweep_three_domains_extend_logs_BROKEN/train_parabola_sw_w50p0_f4_id1k.log	131127	2026-06-06 00:17
runs/sweep_three_domains_extend_logs_BROKEN/train_uniform_sw_w30p0_f1_id1k.log	130902	2026-06-06 00:16
runs/sweep_three_domains_extend_logs_BROKEN/train_uniform_sw_w30p0_f2_id1k.log	130907	2026-06-06 00:20
runs/sweep_three_domains_extend_logs_BROKEN/train_uniform_sw_w30p0_f4_id1k.log	131137	2026-06-06 00:20
runs/sweep_three_domains_extend_logs_BROKEN/train_uniform_sw_w50p0_f1_id1k.log	130884	2026-06-06 00:18
runs/sweep_three_domains_extend_logs_BROKEN/train_uniform_sw_w50p0_f2_id1k.log	131164	2026-06-06 00:17
runs/sweep_three_domains_extend_logs_BROKEN/train_uniform_sw_w50p0_f4_id1k.log	131139	2026-06-06 00:16
runs/sweep_three_domains_logs/launcher.log	0	2026-06-08 01:12
runs/sweep_three_domains_logs/rollout_collision_w0p1_f1.log	3116	2026-06-08 02:43
runs/sweep_three_domains_logs/rollout_collision_w0p1_f2.log	3116	2026-06-08 02:43
runs/sweep_three_domains_logs/rollout_collision_w0p1_f4.log	3116	2026-06-08 03:30
runs/sweep_three_domains_logs/rollout_collision_w10p0_f1.log	3119	2026-06-08 03:29
runs/sweep_three_domains_logs/rollout_collision_w10p0_f2.log	3119	2026-06-08 03:19
runs/sweep_three_domains_logs/rollout_collision_w10p0_f4.log	3119	2026-06-08 03:19
runs/sweep_three_domains_logs/rollout_collision_w1p0_f1.log	3116	2026-06-08 03:19
runs/sweep_three_domains_logs/rollout_collision_w1p0_f2.log	3116	2026-06-08 03:18
runs/sweep_three_domains_logs/rollout_collision_w1p0_f4.log	3116	2026-06-08 03:19
runs/sweep_three_domains_logs/rollout_collision_w30p0_f1.log	3119	2026-06-08 03:19
runs/sweep_three_domains_logs/rollout_collision_w30p0_f2.log	3119	2026-06-08 03:29
runs/sweep_three_domains_logs/rollout_collision_w30p0_f4.log	3119	2026-06-08 03:19
runs/sweep_three_domains_logs/rollout_collision_w50p0_f1.log	3119	2026-06-08 03:20
runs/sweep_three_domains_logs/rollout_collision_w50p0_f2.log	3119	2026-06-08 03:19
runs/sweep_three_domains_logs/rollout_collision_w50p0_f4.log	3119	2026-06-08 03:29
runs/sweep_three_domains_logs/rollout_parabola_w0p1_f1.log	4639	2026-06-08 01:58
runs/sweep_three_domains_logs/rollout_parabola_w0p1_f2.log	4638	2026-06-08 01:57
runs/sweep_three_domains_logs/rollout_parabola_w0p1_f4.log	4638	2026-06-08 01:56
runs/sweep_three_domains_logs/rollout_parabola_w10p0_f1.log	4641	2026-06-08 01:57
runs/sweep_three_domains_logs/rollout_parabola_w10p0_f2.log	5156	2026-06-08 01:57
runs/sweep_three_domains_logs/rollout_parabola_w10p0_f4.log	4641	2026-06-08 01:58
runs/sweep_three_domains_logs/rollout_parabola_w1p0_f1.log	4639	2026-06-08 01:57
runs/sweep_three_domains_logs/rollout_parabola_w1p0_f2.log	4641	2026-06-08 01:57
runs/sweep_three_domains_logs/rollout_parabola_w1p0_f4.log	4638	2026-06-08 01:57
runs/sweep_three_domains_logs/rollout_parabola_w30p0_f1.log	4642	2026-06-08 01:57
runs/sweep_three_domains_logs/rollout_parabola_w30p0_f2.log	5155	2026-06-08 01:57
runs/sweep_three_domains_logs/rollout_parabola_w30p0_f4.log	5155	2026-06-08 01:58
runs/sweep_three_domains_logs/rollout_parabola_w50p0_f1.log	4641	2026-06-08 01:58
runs/sweep_three_domains_logs/rollout_parabola_w50p0_f2.log	5154	2026-06-08 01:56
runs/sweep_three_domains_logs/rollout_parabola_w50p0_f4.log	5152	2026-06-08 01:57
runs/sweep_three_domains_logs/rollout_uniform_w0p1_f1.log	8184	2026-06-08 01:57
runs/sweep_three_domains_logs/rollout_uniform_w0p1_f2.log	8184	2026-06-08 02:43
runs/sweep_three_domains_logs/rollout_uniform_w0p1_f4.log	8184	2026-06-08 02:43
runs/sweep_three_domains_logs/rollout_uniform_w10p0_f1.log	8187	2026-06-08 02:43
runs/sweep_three_domains_logs/rollout_uniform_w10p0_f2.log	8187	2026-06-08 02:43
runs/sweep_three_domains_logs/rollout_uniform_w10p0_f4.log	8701	2026-06-08 02:43
runs/sweep_three_domains_logs/rollout_uniform_w1p0_f1.log	8184	2026-06-08 02:43
runs/sweep_three_domains_logs/rollout_uniform_w1p0_f2.log	8184	2026-06-08 02:44
runs/sweep_three_domains_logs/rollout_uniform_w1p0_f4.log	8184	2026-06-08 02:44
runs/sweep_three_domains_logs/rollout_uniform_w30p0_f1.log	8188	2026-06-08 02:42
runs/sweep_three_domains_logs/rollout_uniform_w30p0_f2.log	8701	2026-06-08 02:43
runs/sweep_three_domains_logs/rollout_uniform_w30p0_f4.log	8701	2026-06-08 02:43
runs/sweep_three_domains_logs/rollout_uniform_w50p0_f1.log	8187	2026-06-08 02:44
runs/sweep_three_domains_logs/rollout_uniform_w50p0_f2.log	8701	2026-06-08 02:43
runs/sweep_three_domains_logs/rollout_uniform_w50p0_f4.log	8701	2026-06-08 02:43
runs/sweep_three_domains_logs/sweep.log	7177	2026-06-08 03:30
runs/sweep_three_domains_logs/train_collision_sw_w0p1_f1_id1k.log	130964	2026-06-08 02:42
runs/sweep_three_domains_logs/train_collision_sw_w0p1_f2_id1k.log	130964	2026-06-08 02:41
runs/sweep_three_domains_logs/train_collision_sw_w0p1_f4_id1k.log	131390	2026-06-08 03:28
runs/sweep_three_domains_logs/train_collision_sw_w10p0_f1_id1k.log	130763	2026-06-08 03:28
runs/sweep_three_domains_logs/train_collision_sw_w10p0_f2_id1k.log	130748	2026-06-08 03:18
runs/sweep_three_domains_logs/train_collision_sw_w10p0_f4_id1k.log	130955	2026-06-08 03:18
runs/sweep_three_domains_logs/train_collision_sw_w1p0_f1_id1k.log	130953	2026-06-08 03:18
runs/sweep_three_domains_logs/train_collision_sw_w1p0_f2_id1k.log	130732	2026-06-08 03:17
runs/sweep_three_domains_logs/train_collision_sw_w1p0_f4_id1k.log	131409	2026-06-08 03:17
runs/sweep_three_domains_logs/train_collision_sw_w30p0_f1_id1k.log	131187	2026-06-08 03:18
runs/sweep_three_domains_logs/train_collision_sw_w30p0_f2_id1k.log	130994	2026-06-08 03:28
runs/sweep_three_domains_logs/train_collision_sw_w30p0_f4_id1k.log	130984	2026-06-08 03:18
runs/sweep_three_domains_logs/train_collision_sw_w50p0_f1_id1k.log	130960	2026-06-08 03:18
runs/sweep_three_domains_logs/train_collision_sw_w50p0_f2_id1k.log	130956	2026-06-08 03:18
runs/sweep_three_domains_logs/train_collision_sw_w50p0_f4_id1k.log	130787	2026-06-08 03:27
runs/sweep_three_domains_logs/train_parabola_sw_w0p1_f1_id1k.log	130718	2026-06-08 01:57
runs/sweep_three_domains_logs/train_parabola_sw_w0p1_f2_id1k.log	130719	2026-06-08 01:56
runs/sweep_three_domains_logs/train_parabola_sw_w0p1_f4_id1k.log	130707	2026-06-08 01:55
runs/sweep_three_domains_logs/train_parabola_sw_w10p0_f1_id1k.log	130758	2026-06-08 01:56
runs/sweep_three_domains_logs/train_parabola_sw_w10p0_f2_id1k.log	130694	2026-06-08 01:55
runs/sweep_three_domains_logs/train_parabola_sw_w10p0_f4_id1k.log	130683	2026-06-08 01:57
runs/sweep_three_domains_logs/train_parabola_sw_w1p0_f1_id1k.log	130683	2026-06-08 01:55
runs/sweep_three_domains_logs/train_parabola_sw_w1p0_f2_id1k.log	130907	2026-06-08 01:55
runs/sweep_three_domains_logs/train_parabola_sw_w1p0_f4_id1k.log	130719	2026-06-08 01:56
runs/sweep_three_domains_logs/train_parabola_sw_w30p0_f1_id1k.log	130895	2026-06-08 01:55
runs/sweep_three_domains_logs/train_parabola_sw_w30p0_f2_id1k.log	130902	2026-06-08 01:56
runs/sweep_three_domains_logs/train_parabola_sw_w30p0_f4_id1k.log	130854	2026-06-08 01:56
runs/sweep_three_domains_logs/train_parabola_sw_w50p0_f1_id1k.log	131156	2026-06-08 01:56
runs/sweep_three_domains_logs/train_parabola_sw_w50p0_f2_id1k.log	130944	2026-06-08 01:55
runs/sweep_three_domains_logs/train_parabola_sw_w50p0_f4_id1k.log	130895	2026-06-08 01:55
runs/sweep_three_domains_logs/train_uniform_sw_w0p1_f1_id1k.log	130737	2026-06-08 01:56
runs/sweep_three_domains_logs/train_uniform_sw_w0p1_f2_id1k.log	130659	2026-06-08 02:41
runs/sweep_three_domains_logs/train_uniform_sw_w0p1_f4_id1k.log	130836	2026-06-08 02:41
runs/sweep_three_domains_logs/train_uniform_sw_w10p0_f1_id1k.log	130848	2026-06-08 02:41
runs/sweep_three_domains_logs/train_uniform_sw_w10p0_f2_id1k.log	130848	2026-06-08 02:42
runs/sweep_three_domains_logs/train_uniform_sw_w10p0_f4_id1k.log	130836	2026-06-08 02:41
runs/sweep_three_domains_logs/train_uniform_sw_w1p0_f1_id1k.log	130848	2026-06-08 02:41
runs/sweep_three_domains_logs/train_uniform_sw_w1p0_f2_id1k.log	130848	2026-06-08 02:42
runs/sweep_three_domains_logs/train_uniform_sw_w1p0_f4_id1k.log	130658	2026-06-08 02:42
runs/sweep_three_domains_logs/train_uniform_sw_w30p0_f1_id1k.log	131219	2026-06-08 02:41
runs/sweep_three_domains_logs/train_uniform_sw_w30p0_f2_id1k.log	130635	2026-06-08 02:42
runs/sweep_three_domains_logs/train_uniform_sw_w30p0_f4_id1k.log	130623	2026-06-08 02:42
runs/sweep_three_domains_logs/train_uniform_sw_w50p0_f1_id1k.log	131049	2026-06-08 02:42
runs/sweep_three_domains_logs/train_uniform_sw_w50p0_f2_id1k.log	131062	2026-06-08 02:42
runs/sweep_three_domains_logs/train_uniform_sw_w50p0_f4_id1k.log	131085	2026-06-08 02:41
runs/sweep_three_domains_logs_BROKEN/launcher.log	0	2026-06-05 22:35
runs/sweep_three_domains_logs_BROKEN/rollout_collision_w0p1_f1.log	3116	2026-06-05 23:32
runs/sweep_three_domains_logs_BROKEN/rollout_collision_w0p1_f2.log	3118	2026-06-05 23:32
runs/sweep_three_domains_logs_BROKEN/rollout_collision_w0p1_f4.log	3119	2026-06-05 23:22
runs/sweep_three_domains_logs_BROKEN/rollout_collision_w10p0_f1.log	3119	2026-06-05 23:32
runs/sweep_three_domains_logs_BROKEN/rollout_collision_w10p0_f2.log	3121	2026-06-05 23:31
runs/sweep_three_domains_logs_BROKEN/rollout_collision_w10p0_f4.log	3122	2026-06-05 23:31
runs/sweep_three_domains_logs_BROKEN/rollout_collision_w1p0_f1.log	3116	2026-06-05 23:32
runs/sweep_three_domains_logs_BROKEN/rollout_collision_w1p0_f2.log	3116	2026-06-05 23:33
runs/sweep_three_domains_logs_BROKEN/rollout_collision_w1p0_f4.log	3120	2026-06-05 23:31
runs/sweep_three_domains_logs_BROKEN/rollout_parabola_w0p1_f1.log	5153	2026-06-05 23:22
runs/sweep_three_domains_logs_BROKEN/rollout_parabola_w0p1_f2.log	4638	2026-06-05 23:32
runs/sweep_three_domains_logs_BROKEN/rollout_parabola_w0p1_f4.log	4636	2026-06-05 23:33
runs/sweep_three_domains_logs_BROKEN/rollout_parabola_w10p0_f1.log	5155	2026-06-05 23:32
runs/sweep_three_domains_logs_BROKEN/rollout_parabola_w10p0_f2.log	5153	2026-06-05 23:33
runs/sweep_three_domains_logs_BROKEN/rollout_parabola_w10p0_f4.log	5156	2026-06-05 23:26
runs/sweep_three_domains_logs_BROKEN/rollout_parabola_w1p0_f1.log	4636	2026-06-05 23:33
runs/sweep_three_domains_logs_BROKEN/rollout_parabola_w1p0_f2.log	4636	2026-06-05 23:32
runs/sweep_three_domains_logs_BROKEN/rollout_parabola_w1p0_f4.log	5149	2026-06-05 23:34
runs/sweep_three_domains_logs_BROKEN/rollout_uniform_w0p1_f1.log	8186	2026-06-05 23:32
runs/sweep_three_domains_logs_BROKEN/rollout_uniform_w0p1_f2.log	8188	2026-06-05 23:31
runs/sweep_three_domains_logs_BROKEN/rollout_uniform_w0p1_f4.log	8187	2026-06-05 23:31
runs/sweep_three_domains_logs_BROKEN/rollout_uniform_w10p0_f1.log	8187	2026-06-05 23:32
runs/sweep_three_domains_logs_BROKEN/rollout_uniform_w10p0_f2.log	8701	2026-06-05 23:32
runs/sweep_three_domains_logs_BROKEN/rollout_uniform_w10p0_f4.log	8701	2026-06-05 23:31
runs/sweep_three_domains_logs_BROKEN/rollout_uniform_w1p0_f1.log	8186	2026-06-05 23:32
runs/sweep_three_domains_logs_BROKEN/rollout_uniform_w1p0_f2.log	8184	2026-06-05 23:33
runs/sweep_three_domains_logs_BROKEN/rollout_uniform_w1p0_f4.log	8184	2026-06-05 23:33
runs/sweep_three_domains_logs_BROKEN/sweep.log	4337	2026-06-05 23:34
runs/sweep_three_domains_logs_BROKEN/train_collision_sw_w0p1_f1_id1k.log	134418	2026-06-05 23:31
runs/sweep_three_domains_logs_BROKEN/train_collision_sw_w0p1_f2_id1k.log	135053	2026-06-05 23:30
runs/sweep_three_domains_logs_BROKEN/train_collision_sw_w0p1_f4_id1k.log	134427	2026-06-05 23:19
runs/sweep_three_domains_logs_BROKEN/train_collision_sw_w10p0_f1_id1k.log	134426	2026-06-05 23:30
runs/sweep_three_domains_logs_BROKEN/train_collision_sw_w10p0_f2_id1k.log	134411	2026-06-05 23:28
runs/sweep_three_domains_logs_BROKEN/train_collision_sw_w10p0_f4_id1k.log	134658	2026-06-05 23:29
runs/sweep_three_domains_logs_BROKEN/train_collision_sw_w1p0_f1_id1k.log	135065	2026-06-05 23:30
runs/sweep_three_domains_logs_BROKEN/train_collision_sw_w1p0_f2_id1k.log	134176	2026-06-05 23:31
runs/sweep_three_domains_logs_BROKEN/train_collision_sw_w1p0_f4_id1k.log	134618	2026-06-05 23:27
runs/sweep_three_domains_logs_BROKEN/train_parabola_sw_w0p1_f1_id1k.log	134678	2026-06-05 23:18
runs/sweep_three_domains_logs_BROKEN/train_parabola_sw_w0p1_f2_id1k.log	134067	2026-06-05 23:29
runs/sweep_three_domains_logs_BROKEN/train_parabola_sw_w0p1_f4_id1k.log	134281	2026-06-05 23:31
runs/sweep_three_domains_logs_BROKEN/train_parabola_sw_w10p0_f1_id1k.log	134693	2026-06-05 23:30
runs/sweep_three_domains_logs_BROKEN/train_parabola_sw_w10p0_f2_id1k.log	134268	2026-06-05 23:31
runs/sweep_three_domains_logs_BROKEN/train_parabola_sw_w10p0_f4_id1k.log	134060	2026-06-05 23:23
runs/sweep_three_domains_logs_BROKEN/train_parabola_sw_w1p0_f1_id1k.log	134057	2026-06-05 23:31
runs/sweep_three_domains_logs_BROKEN/train_parabola_sw_w1p0_f2_id1k.log	134649	2026-06-05 23:30
runs/sweep_three_domains_logs_BROKEN/train_parabola_sw_w1p0_f4_id1k.log	134258	2026-06-05 23:33
runs/sweep_three_domains_logs_BROKEN/train_uniform_sw_w0p1_f1_id1k.log	134675	2026-06-05 23:29
runs/sweep_three_domains_logs_BROKEN/train_uniform_sw_w0p1_f2_id1k.log	134067	2026-06-05 23:27
runs/sweep_three_domains_logs_BROKEN/train_uniform_sw_w0p1_f4_id1k.log	134092	2026-06-05 23:29
runs/sweep_three_domains_logs_BROKEN/train_uniform_sw_w10p0_f1_id1k.log	134276	2026-06-05 23:31
runs/sweep_three_domains_logs_BROKEN/train_uniform_sw_w10p0_f2_id1k.log	134289	2026-06-05 23:31
runs/sweep_three_domains_logs_BROKEN/train_uniform_sw_w10p0_f4_id1k.log	134718	2026-06-05 23:29
runs/sweep_three_domains_logs_BROKEN/train_uniform_sw_w1p0_f1_id1k.log	134276	2026-06-05 23:30
runs/sweep_three_domains_logs_BROKEN/train_uniform_sw_w1p0_f2_id1k.log	134456	2026-06-05 23:31
runs/sweep_three_domains_logs_BROKEN/train_uniform_sw_w1p0_f4_id1k.log	134062	2026-06-05 23:32
runs/sweep_uniform_logs/launcher.log	0	2026-06-05 22:28
runs/sweep_uniform_logs/rollout_sw_w0p1_f1.log	1260	2026-06-05 22:32
runs/sweep_uniform_logs/sweep.log	617	2026-06-05 22:32
runs/sweep_uniform_logs/train_uniform_sw_w0p1_f1_id1k.log	160227	2026-06-05 22:30
runs/sweep_uniform_logs/train_uniform_sw_w0p1_f2_id1k.log	78474	2026-06-05 22:33
runs/sweep_uniform_logs/train_uniform_sw_w0p1_f4_id1k.log	79539	2026-06-05 22:33
runs/sweep_uniform_logs/train_uniform_sw_w10p0_f1_id1k.log	79253	2026-06-05 22:33
runs/sweep_uniform_logs/train_uniform_sw_w10p0_f2_id1k.log	79454	2026-06-05 22:33
runs/sweep_uniform_logs/train_uniform_sw_w10p0_f4_id1k.log	79539	2026-06-05 22:33
runs/sweep_uniform_logs/train_uniform_sw_w1p0_f1_id1k.log	79363	2026-06-05 22:33
runs/sweep_uniform_logs/train_uniform_sw_w1p0_f2_id1k.log	79187	2026-06-05 22:33
runs/sweep_uniform_logs/train_uniform_sw_w1p0_f4_id1k.log	78761	2026-06-05 22:33
