run,type,slice,n,cos,nmse
collision_s1234_af_fr,分区,ID,203,0.9269,0.1619
collision_s1234_af_fr,分区,r/m-OOD,754,0.9365,0.1206
collision_s1234_af_fr,分区,v-OOD,290,0.794,0.4013
collision_s1234_af_fr,分区,both-OOD,1653,0.8233,0.3561
collision_s1234_af_fr,步长,h=1,100,0.9972,0.0092
collision_s1234_af_fr,步长,h=2,100,0.9955,0.0136
collision_s1234_af_fr,步长,h=4,100,0.9918,0.0214
collision_s1234_af_fr,步长,h=8,100,0.9869,0.0327
collision_s1234_af_fr,步长,h=16,100,0.8737,0.2566
collision_s1234_af_fr,步长,h=28,100,0.6761,0.6739
collision_s3072_af_fr,分区,ID,203,0.9482,0.1154
collision_s3072_af_fr,分区,r/m-OOD,754,0.9397,0.1027
collision_s3072_af_fr,分区,v-OOD,290,0.8159,0.3856
collision_s3072_af_fr,分区,both-OOD,1653,0.8225,0.265
collision_s3072_af_fr,步长,h=1,100,0.9978,0.0084
collision_s3072_af_fr,步长,h=2,100,0.9959,0.0132
collision_s3072_af_fr,步长,h=4,100,0.9931,0.0201
collision_s3072_af_fr,步长,h=8,100,0.9895,0.03
collision_s3072_af_fr,步长,h=16,100,0.8841,0.2006
collision_s3072_af_fr,步长,h=28,100,0.6812,0.5194
parabola_s1234_af_fr,分区,ID,464,0.9062,0.1364
parabola_s1234_af_fr,分区,r/m-OOD,319,0.7985,0.473
parabola_s1234_af_fr,分区,v-OOD,928,0.6113,0.8683
parabola_s1234_af_fr,分区,both-OOD,1189,0.5887,1.1229
parabola_s1234_af_fr,步长,h=1,100,0.9797,0.0386
parabola_s1234_af_fr,步长,h=2,100,0.9635,0.0746
parabola_s1234_af_fr,步长,h=4,100,0.9282,0.1716
parabola_s1234_af_fr,步长,h=8,100,0.8375,0.4119
parabola_s1234_af_fr,步长,h=16,100,0.5062,1.187
parabola_s1234_af_fr,步长,h=28,100,0.789,3115987.75
parabola_s1234_af_fr_gate_t3,分区,ID,464,0.8863,0.1786
parabola_s1234_af_fr_gate_t3,分区,r/m-OOD,319,0.7948,0.4792
parabola_s1234_af_fr_gate_t3,分区,v-OOD,928,0.6074,0.8806
parabola_s1234_af_fr_gate_t3,分区,both-OOD,1189,0.5875,1.1267
parabola_s1234_af_fr_gate_t3,步长,h=1,100,0.9795,0.0388
parabola_s1234_af_fr_gate_t3,步长,h=2,100,0.9631,0.0756
parabola_s1234_af_fr_gate_t3,步长,h=4,100,0.9259,0.1764
parabola_s1234_af_fr_gate_t3,步长,h=8,100,0.8317,0.4251
parabola_s1234_af_fr_gate_t3,步长,h=16,100,0.4986,1.2091
parabola_s1234_af_fr_gate_t3,步长,h=28,100,0.7907,3028241.5
parabola_s1234_af_fr_zs_a025,分区,ID,464,0.8591,0.2383
parabola_s1234_af_fr_zs_a025,分区,r/m-OOD,319,0.7711,0.4942
parabola_s1234_af_fr_zs_a025,分区,v-OOD,928,0.5548,1.0566
parabola_s1234_af_fr_zs_a025,分区,both-OOD,1189,0.5401,1.2809
parabola_s1234_af_fr_zs_a025,步长,h=1,100,0.9787,0.0405
parabola_s1234_af_fr_zs_a025,步长,h=2,100,0.9608,0.0808
parabola_s1234_af_fr_zs_a025,步长,h=4,100,0.9121,0.2118
parabola_s1234_af_fr_zs_a025,步长,h=8,100,0.7943,0.5301
parabola_s1234_af_fr_zs_a025,步长,h=16,100,0.4562,1.3423
parabola_s1234_af_fr_zs_a025,步长,h=28,100,0.7482,5126721.5
parabola_s1234_af_fr_zs_a050,分区,ID,464,0.7422,0.446
parabola_s1234_af_fr_zs_a050,分区,r/m-OOD,319,0.692,0.6068
parabola_s1234_af_fr_zs_a050,分区,v-OOD,928,0.4633,1.3096
parabola_s1234_af_fr_zs_a050,分区,both-OOD,1189,0.4649,1.4514
parabola_s1234_af_fr_zs_a050,步长,h=1,100,0.9751,0.0476
parabola_s1234_af_fr_zs_a050,步长,h=2,100,0.9529,0.097
parabola_s1234_af_fr_zs_a050,步长,h=4,100,0.8815,0.2818
parabola_s1234_af_fr_zs_a050,步长,h=8,100,0.7264,0.7054
parabola_s1234_af_fr_zs_a050,步长,h=16,100,0.3921,1.5279
parabola_s1234_af_fr_zs_a050,步长,h=28,100,0.5453,10337840.0
parabola_s1234_af_fr_zs_a100,分区,ID,464,0.4999,1.3012
parabola_s1234_af_fr_zs_a100,分区,r/m-OOD,319,0.4267,2.2162
parabola_s1234_af_fr_zs_a100,分区,v-OOD,928,0.2805,2.6594
parabola_s1234_af_fr_zs_a100,分区,both-OOD,1189,0.3988,3.4495
parabola_s1234_af_fr_zs_a100,步长,h=1,100,0.9606,0.0767
parabola_s1234_af_fr_zs_a100,步长,h=2,100,0.913,0.1831
parabola_s1234_af_fr_zs_a100,步长,h=4,100,0.7326,0.6505
parabola_s1234_af_fr_zs_a100,步长,h=8,100,0.3623,1.6796
parabola_s1234_af_fr_zs_a100,步长,h=16,100,0.1774,2.4937
parabola_s1234_af_fr_zs_a100,步长,h=28,100,0.4148,119919592.0
parabola_s3072_af_fr,分区,ID,464,0.8648,0.2339
parabola_s3072_af_fr,分区,r/m-OOD,319,0.816,0.4611
parabola_s3072_af_fr,分区,v-OOD,928,0.5951,0.8812
parabola_s3072_af_fr,分区,both-OOD,1189,0.547,1.1452
parabola_s3072_af_fr,步长,h=1,100,0.979,0.0397
parabola_s3072_af_fr,步长,h=2,100,0.9589,0.0834
parabola_s3072_af_fr,步长,h=4,100,0.9096,0.2019
parabola_s3072_af_fr,步长,h=8,100,0.7921,0.4763
parabola_s3072_af_fr,步长,h=16,100,0.4718,1.2719
parabola_s3072_af_fr,步长,h=28,100,0.8136,7730644.0
parabola_s3072_af_fr_cal_a000,分区,ID,464,0.8648,0.2339
parabola_s3072_af_fr_cal_a000,分区,r/m-OOD,319,0.816,0.4611
parabola_s3072_af_fr_cal_a000,分区,v-OOD,928,0.5951,0.8812
parabola_s3072_af_fr_cal_a000,分区,both-OOD,1189,0.547,1.1452
parabola_s3072_af_fr_cal_a000,步长,h=1,100,0.979,0.0397
parabola_s3072_af_fr_cal_a000,步长,h=2,100,0.9589,0.0834
parabola_s3072_af_fr_cal_a000,步长,h=4,100,0.9096,0.2019
parabola_s3072_af_fr_cal_a000,步长,h=8,100,0.7921,0.4763
parabola_s3072_af_fr_cal_a000,步长,h=16,100,0.4718,1.2719
parabola_s3072_af_fr_cal_a000,步长,h=28,100,0.8136,7730644.0
parabola_s3072_af_fr_gate_t3,分区,ID,464,0.8402,0.3003
parabola_s3072_af_fr_gate_t3,分区,r/m-OOD,319,0.7931,0.5169
parabola_s3072_af_fr_gate_t3,分区,v-OOD,928,0.5944,0.8935
parabola_s3072_af_fr_gate_t3,分区,both-OOD,1189,0.5475,1.149
parabola_s3072_af_fr_gate_t3,步长,h=1,100,0.9772,0.0438
parabola_s3072_af_fr_gate_t3,步长,h=2,100,0.9554,0.0911
parabola_s3072_af_fr_gate_t3,步长,h=4,100,0.9036,0.2139
parabola_s3072_af_fr_gate_t3,步长,h=8,100,0.7806,0.5006
parabola_s3072_af_fr_gate_t3,步长,h=16,100,0.4601,1.3117
parabola_s3072_af_fr_gate_t3,步长,h=28,100,0.8179,7585476.5
parabola_s3072_af_fr_zs_a025,分区,ID,464,0.8361,0.2839
parabola_s3072_af_fr_zs_a025,分区,r/m-OOD,319,0.7091,0.5959
parabola_s3072_af_fr_zs_a025,分区,v-OOD,928,0.5705,0.9567
parabola_s3072_af_fr_zs_a025,分区,both-OOD,1189,0.509,1.2817
parabola_s3072_af_fr_zs_a025,步长,h=1,100,0.9781,0.0414
parabola_s3072_af_fr_zs_a025,步长,h=2,100,0.9552,0.0896
parabola_s3072_af_fr_zs_a025,步长,h=4,100,0.8915,0.2334
parabola_s3072_af_fr_zs_a025,步长,h=8,100,0.7414,0.5884
parabola_s3072_af_fr_zs_a025,步长,h=16,100,0.4281,1.4314
parabola_s3072_af_fr_zs_a025,步长,h=28,100,0.7477,8921590.0
parabola_s3072_af_fr_zs_a050,分区,ID,464,0.7306,0.4632
parabola_s3072_af_fr_zs_a050,分区,r/m-OOD,319,0.5688,0.9067
parabola_s3072_af_fr_zs_a050,分区,v-OOD,928,0.4908,1.1609
parabola_s3072_af_fr_zs_a050,分区,both-OOD,1189,0.4169,1.5611
parabola_s3072_af_fr_zs_a050,步长,h=1,100,0.9746,0.0484
parabola_s3072_af_fr_zs_a050,步长,h=2,100,0.9459,0.1063
parabola_s3072_af_fr_zs_a050,步长,h=4,100,0.857,0.2979
parabola_s3072_af_fr_zs_a050,步长,h=8,100,0.6613,0.778
parabola_s3072_af_fr_zs_a050,步长,h=16,100,0.3506,1.6854
parabola_s3072_af_fr_zs_a050,步长,h=28,100,0.5289,36558624.0
parabola_s3072_af_fr_zs_a100,分区,ID,464,0.4847,1.6684
parabola_s3072_af_fr_zs_a100,分区,r/m-OOD,319,0.2727,2.7831
parabola_s3072_af_fr_zs_a100,分区,v-OOD,928,0.1689,3.1214
parabola_s3072_af_fr_zs_a100,分区,both-OOD,1189,0.2574,4.8603
parabola_s3072_af_fr_zs_a100,步长,h=1,100,0.9602,0.0788
parabola_s3072_af_fr_zs_a100,步长,h=2,100,0.9013,0.2053
parabola_s3072_af_fr_zs_a100,步长,h=4,100,0.6536,0.9162
parabola_s3072_af_fr_zs_a100,步长,h=8,100,0.1982,2.2795
parabola_s3072_af_fr_zs_a100,步长,h=16,100,0.0773,3.2876
parabola_s3072_af_fr_zs_a100,步长,h=28,100,0.2648,521213024.0
parabola_s42_af_fr,分区,ID,464,0.871,0.2089
parabola_s42_af_fr,分区,r/m-OOD,319,0.7464,0.4884
parabola_s42_af_fr,分区,v-OOD,928,0.5973,0.9352
parabola_s42_af_fr,分区,both-OOD,1189,0.5737,1.0453
parabola_s42_af_fr,步长,h=1,100,0.9842,0.0323
parabola_s42_af_fr,步长,h=2,100,0.9693,0.0656
parabola_s42_af_fr,步长,h=4,100,0.9327,0.1534
parabola_s42_af_fr,步长,h=8,100,0.841,0.3822
parabola_s42_af_fr,步长,h=16,100,0.5144,1.1038
parabola_s42_af_fr,步长,h=28,100,0.6846,9136852.0
parabola_s42_af_fr_gate_t3,分区,ID,464,0.8736,0.2063
parabola_s42_af_fr_gate_t3,分区,r/m-OOD,319,0.7514,0.4698
parabola_s42_af_fr_gate_t3,分区,v-OOD,928,0.5986,0.9376
parabola_s42_af_fr_gate_t3,分区,both-OOD,1189,0.5757,1.0428
parabola_s42_af_fr_gate_t3,步长,h=1,100,0.9841,0.0325
parabola_s42_af_fr_gate_t3,步长,h=2,100,0.9691,0.0659
parabola_s42_af_fr_gate_t3,步长,h=4,100,0.932,0.1549
parabola_s42_af_fr_gate_t3,步长,h=8,100,0.8399,0.385
parabola_s42_af_fr_gate_t3,步长,h=16,100,0.5158,1.0997
parabola_s42_af_fr_gate_t3,步长,h=28,100,0.6988,8755809.0
parabola_s42_af_fr_zs_a025,分区,ID,464,0.8606,0.2366
parabola_s42_af_fr_zs_a025,分区,r/m-OOD,319,0.8067,0.3673
parabola_s42_af_fr_zs_a025,分区,v-OOD,928,0.5612,1.0739
parabola_s42_af_fr_zs_a025,分区,both-OOD,1189,0.5747,1.1179
parabola_s42_af_fr_zs_a025,步长,h=1,100,0.9835,0.0337
parabola_s42_af_fr_zs_a025,步长,h=2,100,0.9686,0.0669
parabola_s42_af_fr_zs_a025,步长,h=4,100,0.9286,0.1634
parabola_s42_af_fr_zs_a025,步长,h=8,100,0.82,0.4425
parabola_s42_af_fr_zs_a025,步长,h=16,100,0.4891,1.2194
parabola_s42_af_fr_zs_a025,步长,h=28,100,0.7609,5012359.5
parabola_s42_af_fr_zs_a050,分区,ID,464,0.7529,0.4374
parabola_s42_af_fr_zs_a050,分区,r/m-OOD,319,0.7463,0.5805
parabola_s42_af_fr_zs_a050,分区,v-OOD,928,0.4956,1.271
parabola_s42_af_fr_zs_a050,分区,both-OOD,1189,0.5222,1.3237
parabola_s42_af_fr_zs_a050,步长,h=1,100,0.9812,0.0389
parabola_s42_af_fr_zs_a050,步长,h=2,100,0.9645,0.0764
parabola_s42_af_fr_zs_a050,步长,h=4,100,0.915,0.1946
parabola_s42_af_fr_zs_a050,步长,h=8,100,0.7707,0.5782
parabola_s42_af_fr_zs_a050,步长,h=16,100,0.419,1.4934
parabola_s42_af_fr_zs_a050,步长,h=28,100,0.6738,9119434.0
parabola_s42_af_fr_zs_a100,分区,ID,464,0.4309,1.6581
parabola_s42_af_fr_zs_a100,分区,r/m-OOD,319,0.4617,1.8724
parabola_s42_af_fr_zs_a100,分区,v-OOD,928,0.2429,2.9312
parabola_s42_af_fr_zs_a100,分区,both-OOD,1189,0.34,4.4031
parabola_s42_af_fr_zs_a100,步长,h=1,100,0.9716,0.0603
parabola_s42_af_fr_zs_a100,步长,h=2,100,0.9406,0.1367
parabola_s42_af_fr_zs_a100,步长,h=4,100,0.8182,0.4745
parabola_s42_af_fr_zs_a100,步长,h=8,100,0.4503,1.6118
parabola_s42_af_fr_zs_a100,步长,h=16,100,0.1445,3.0365
parabola_s42_af_fr_zs_a100,步长,h=28,100,0.2126,160478912.0
uniform_motion_s1234_af_fr,分区,ID,406,0.91,0.1559
uniform_motion_s1234_af_fr,分区,r/m-OOD,464,0.802,0.4474
uniform_motion_s1234_af_fr,分区,v-OOD,841,0.5669,0.7484
uniform_motion_s1234_af_fr,分区,both-OOD,1189,0.6275,0.7463
uniform_motion_s1234_af_fr,步长,h=1,100,0.9946,0.0128
uniform_motion_s1234_af_fr,步长,h=2,100,0.9898,0.0239
uniform_motion_s1234_af_fr,步长,h=4,100,0.9788,0.0493
uniform_motion_s1234_af_fr,步长,h=8,100,0.9425,0.1362
uniform_motion_s1234_af_fr,步长,h=16,100,0.6806,0.656
uniform_motion_s1234_af_fr,步长,h=28,100,0.2979,1.4857
uniform_motion_s1234_af_fr_control_e5,分区,ID,406,0.9202,0.1476
uniform_motion_s1234_af_fr_control_e5,分区,r/m-OOD,464,0.797,0.4511
uniform_motion_s1234_af_fr_control_e5,分区,v-OOD,841,0.5611,0.7669
uniform_motion_s1234_af_fr_control_e5,分区,both-OOD,1189,0.621,0.7712
uniform_motion_s1234_af_fr_control_e5,步长,h=1,100,0.995,0.0118
uniform_motion_s1234_af_fr_control_e5,步长,h=2,100,0.9904,0.0222
uniform_motion_s1234_af_fr_control_e5,步长,h=4,100,0.9792,0.0478
uniform_motion_s1234_af_fr_control_e5,步长,h=8,100,0.9437,0.1332
uniform_motion_s1234_af_fr_control_e5,步长,h=16,100,0.6783,0.6554
uniform_motion_s1234_af_fr_control_e5,步长,h=28,100,0.2725,1.5799
uniform_motion_s1234_af_fr_gate_t3,分区,ID,406,0.91,0.1559
uniform_motion_s1234_af_fr_gate_t3,分区,r/m-OOD,464,0.8021,0.4468
uniform_motion_s1234_af_fr_gate_t3,分区,v-OOD,841,0.5669,0.7483
uniform_motion_s1234_af_fr_gate_t3,分区,both-OOD,1189,0.6275,0.7462
uniform_motion_s1234_af_fr_gate_t3,步长,h=1,100,0.9946,0.0128
uniform_motion_s1234_af_fr_gate_t3,步长,h=2,100,0.9898,0.0239
uniform_motion_s1234_af_fr_gate_t3,步长,h=4,100,0.9788,0.0493
uniform_motion_s1234_af_fr_gate_t3,步长,h=8,100,0.9425,0.1362
uniform_motion_s1234_af_fr_gate_t3,步长,h=16,100,0.6806,0.6556
uniform_motion_s1234_af_fr_gate_t3,步长,h=28,100,0.2978,1.486
uniform_motion_s1234_af_fr_hgate_s12,分区,ID,406,0.9224,0.1422
uniform_motion_s1234_af_fr_hgate_s12,分区,r/m-OOD,464,0.7976,0.459
uniform_motion_s1234_af_fr_hgate_s12,分区,v-OOD,841,0.5508,0.7837
uniform_motion_s1234_af_fr_hgate_s12,分区,both-OOD,1189,0.6379,0.7414
uniform_motion_s1234_af_fr_hgate_s12,步长,h=1,100,0.9946,0.0128
uniform_motion_s1234_af_fr_hgate_s12,步长,h=2,100,0.9898,0.0239
uniform_motion_s1234_af_fr_hgate_s12,步长,h=4,100,0.9788,0.0493
uniform_motion_s1234_af_fr_hgate_s12,步长,h=8,100,0.9426,0.136
uniform_motion_s1234_af_fr_hgate_s12,步长,h=16,100,0.6867,0.642
uniform_motion_s1234_af_fr_hgate_s12,步长,h=28,100,0.2669,1.6348
uniform_motion_s1234_af_fr_shadow075_e5,分区,ID,406,0.9019,0.1722
uniform_motion_s1234_af_fr_shadow075_e5,分区,r/m-OOD,464,0.7939,0.4616
uniform_motion_s1234_af_fr_shadow075_e5,分区,v-OOD,841,0.5633,0.7464
uniform_motion_s1234_af_fr_shadow075_e5,分区,both-OOD,1189,0.6233,0.7424
uniform_motion_s1234_af_fr_shadow075_e5,步长,h=1,100,0.9945,0.0129
uniform_motion_s1234_af_fr_shadow075_e5,步长,h=2,100,0.9865,0.0321
uniform_motion_s1234_af_fr_shadow075_e5,步长,h=4,100,0.9725,0.0649
uniform_motion_s1234_af_fr_shadow075_e5,步长,h=8,100,0.9356,0.1513
uniform_motion_s1234_af_fr_shadow075_e5,步长,h=16,100,0.6741,0.6534
uniform_motion_s1234_af_fr_shadow075_e5,步长,h=28,100,0.2856,1.499
uniform_motion_s1234_af_fr_shadow_a050,分区,ID,406,0.9114,0.1556
uniform_motion_s1234_af_fr_shadow_a050,分区,r/m-OOD,464,0.8033,0.4276
uniform_motion_s1234_af_fr_shadow_a050,分区,v-OOD,841,0.5707,0.7208
uniform_motion_s1234_af_fr_shadow_a050,分区,both-OOD,1189,0.638,0.7107
uniform_motion_s1234_af_fr_shadow_a050,步长,h=1,100,0.9946,0.0128
uniform_motion_s1234_af_fr_shadow_a050,步长,h=2,100,0.9893,0.0253
uniform_motion_s1234_af_fr_shadow_a050,步长,h=4,100,0.9779,0.0513
uniform_motion_s1234_af_fr_shadow_a050,步长,h=8,100,0.9413,0.1369
uniform_motion_s1234_af_fr_shadow_a050,步长,h=16,100,0.6867,0.6103
uniform_motion_s1234_af_fr_shadow_a050,步长,h=28,100,0.2996,1.4766
uniform_motion_s1234_af_fr_shadow_a065,分区,ID,406,0.9086,0.1609
uniform_motion_s1234_af_fr_shadow_a065,分区,r/m-OOD,464,0.8029,0.419
uniform_motion_s1234_af_fr_shadow_a065,分区,v-OOD,841,0.5745,0.6972
uniform_motion_s1234_af_fr_shadow_a065,分区,both-OOD,1189,0.6415,0.6849
uniform_motion_s1234_af_fr_shadow_a065,步长,h=1,100,0.9946,0.0128
uniform_motion_s1234_af_fr_shadow_a065,步长,h=2,100,0.9889,0.0263
uniform_motion_s1234_af_fr_shadow_a065,步长,h=4,100,0.977,0.0535
uniform_motion_s1234_af_fr_shadow_a065,步长,h=8,100,0.9395,0.1408
uniform_motion_s1234_af_fr_shadow_a065,步长,h=16,100,0.688,0.5906
uniform_motion_s1234_af_fr_shadow_a065,步长,h=28,100,0.3061,1.4296
uniform_motion_s1234_af_fr_shadow_a075,分区,ID,406,0.9033,0.1698
uniform_motion_s1234_af_fr_shadow_a075,分区,r/m-OOD,464,0.8009,0.4157
uniform_motion_s1234_af_fr_shadow_a075,分区,v-OOD,841,0.5784,0.6732
uniform_motion_s1234_af_fr_shadow_a075,分区,both-OOD,1189,0.6405,0.6614
uniform_motion_s1234_af_fr_shadow_a075,步长,h=1,100,0.9946,0.0128
uniform_motion_s1234_af_fr_shadow_a075,步长,h=2,100,0.9886,0.027
uniform_motion_s1234_af_fr_shadow_a075,步长,h=4,100,0.9761,0.0557
uniform_motion_s1234_af_fr_shadow_a075,步长,h=8,100,0.9372,0.146
uniform_motion_s1234_af_fr_shadow_a075,步长,h=16,100,0.6878,0.5779
uniform_motion_s1234_af_fr_shadow_a075,步长,h=28,100,0.3072,1.3726
uniform_motion_s1234_af_fr_shadow_a100,分区,ID,406,0.8264,0.3093
uniform_motion_s1234_af_fr_shadow_a100,分区,r/m-OOD,464,0.7046,0.7381
uniform_motion_s1234_af_fr_shadow_a100,分区,v-OOD,841,0.5781,0.6665
uniform_motion_s1234_af_fr_shadow_a100,分区,both-OOD,1189,0.5992,0.7286
uniform_motion_s1234_af_fr_shadow_a100,步长,h=1,100,0.9946,0.0128
uniform_motion_s1234_af_fr_shadow_a100,步长,h=2,100,0.9877,0.0293
uniform_motion_s1234_af_fr_shadow_a100,步长,h=4,100,0.9722,0.065
uniform_motion_s1234_af_fr_shadow_a100,步长,h=8,100,0.9193,0.1894
uniform_motion_s1234_af_fr_shadow_a100,步长,h=16,100,0.6358,0.7065
uniform_motion_s1234_af_fr_shadow_a100,步长,h=28,100,0.2317,1.5501
uniform_motion_s1234_af_fr_zs_a025,分区,ID,406,0.9116,0.1542
uniform_motion_s1234_af_fr_zs_a025,分区,r/m-OOD,464,0.8024,0.44
uniform_motion_s1234_af_fr_zs_a025,分区,v-OOD,841,0.5676,0.7401
uniform_motion_s1234_af_fr_zs_a025,分区,both-OOD,1189,0.6316,0.7346
uniform_motion_s1234_af_fr_zs_a025,步长,h=1,100,0.9945,0.0132
uniform_motion_s1234_af_fr_zs_a025,步长,h=2,100,0.9897,0.0243
uniform_motion_s1234_af_fr_zs_a025,步长,h=4,100,0.9786,0.0496
uniform_motion_s1234_af_fr_zs_a025,步长,h=8,100,0.9426,0.1352
uniform_motion_s1234_af_fr_zs_a025,步长,h=16,100,0.6841,0.6365
uniform_motion_s1234_af_fr_zs_a025,步长,h=28,100,0.2943,1.496
uniform_motion_s1234_af_fr_zs_a050,分区,ID,406,0.9114,0.1557
uniform_motion_s1234_af_fr_zs_a050,分区,r/m-OOD,464,0.803,0.428
uniform_motion_s1234_af_fr_zs_a050,分区,v-OOD,841,0.5698,0.7207
uniform_motion_s1234_af_fr_zs_a050,分区,both-OOD,1189,0.6378,0.7101
uniform_motion_s1234_af_fr_zs_a050,步长,h=1,100,0.994,0.0143
uniform_motion_s1234_af_fr_zs_a050,步长,h=2,100,0.9891,0.0257
uniform_motion_s1234_af_fr_zs_a050,步长,h=4,100,0.9778,0.0515
uniform_motion_s1234_af_fr_zs_a050,步长,h=8,100,0.9414,0.1369
uniform_motion_s1234_af_fr_zs_a050,步长,h=16,100,0.6873,0.6095
uniform_motion_s1234_af_fr_zs_a050,步长,h=28,100,0.296,1.4773
uniform_motion_s1234_af_fr_zs_a100,分区,ID,406,0.8213,0.3155
uniform_motion_s1234_af_fr_zs_a100,分区,r/m-OOD,464,0.6976,0.7626
uniform_motion_s1234_af_fr_zs_a100,分区,v-OOD,841,0.5704,0.6793
uniform_motion_s1234_af_fr_zs_a100,分区,both-OOD,1189,0.5907,0.7435
uniform_motion_s1234_af_fr_zs_a100,步长,h=1,100,0.992,0.0192
uniform_motion_s1234_af_fr_zs_a100,步长,h=2,100,0.9858,0.0334
uniform_motion_s1234_af_fr_zs_a100,步长,h=4,100,0.9701,0.0696
uniform_motion_s1234_af_fr_zs_a100,步长,h=8,100,0.9172,0.1948
uniform_motion_s1234_af_fr_zs_a100,步长,h=16,100,0.6298,0.7201
uniform_motion_s1234_af_fr_zs_a100,步长,h=28,100,0.2107,1.5839
uniform_motion_s3072_af_fr,分区,ID,406,0.9404,0.1202
uniform_motion_s3072_af_fr,分区,r/m-OOD,464,0.8214,0.4348
uniform_motion_s3072_af_fr,分区,v-OOD,841,0.5538,0.7941
uniform_motion_s3072_af_fr,分区,both-OOD,1189,0.6352,0.7566
uniform_motion_s3072_af_fr,步长,h=1,100,0.9928,0.0144
uniform_motion_s3072_af_fr,步长,h=2,100,0.9893,0.0236
uniform_motion_s3072_af_fr,步长,h=4,100,0.9774,0.0497
uniform_motion_s3072_af_fr,步长,h=8,100,0.942,0.1322
uniform_motion_s3072_af_fr,步长,h=16,100,0.6864,0.6664
uniform_motion_s3072_af_fr,步长,h=28,100,0.3142,1.5919
uniform_motion_s3072_af_fr_cal_a000,分区,ID,406,0.9404,0.1202
uniform_motion_s3072_af_fr_cal_a000,分区,r/m-OOD,464,0.8214,0.4348
uniform_motion_s3072_af_fr_cal_a000,分区,v-OOD,841,0.5538,0.7941
uniform_motion_s3072_af_fr_cal_a000,分区,both-OOD,1189,0.6352,0.7566
uniform_motion_s3072_af_fr_cal_a000,步长,h=1,100,0.9928,0.0144
uniform_motion_s3072_af_fr_cal_a000,步长,h=2,100,0.9893,0.0236
uniform_motion_s3072_af_fr_cal_a000,步长,h=4,100,0.9774,0.0497
uniform_motion_s3072_af_fr_cal_a000,步长,h=8,100,0.942,0.1322
uniform_motion_s3072_af_fr_cal_a000,步长,h=16,100,0.6864,0.6664
uniform_motion_s3072_af_fr_cal_a000,步长,h=28,100,0.3142,1.5919
uniform_motion_s3072_af_fr_control_e5,分区,ID,406,0.9375,0.1216
uniform_motion_s3072_af_fr_control_e5,分区,r/m-OOD,464,0.8178,0.4236
uniform_motion_s3072_af_fr_control_e5,分区,v-OOD,841,0.568,0.7515
uniform_motion_s3072_af_fr_control_e5,分区,both-OOD,1189,0.6317,0.7538
uniform_motion_s3072_af_fr_control_e5,步长,h=1,100,0.993,0.014
uniform_motion_s3072_af_fr_control_e5,步长,h=2,100,0.9897,0.0229
uniform_motion_s3072_af_fr_control_e5,步长,h=4,100,0.9777,0.0491
uniform_motion_s3072_af_fr_control_e5,步长,h=8,100,0.9416,0.1318
uniform_motion_s3072_af_fr_control_e5,步长,h=16,100,0.6847,0.657
uniform_motion_s3072_af_fr_control_e5,步长,h=28,100,0.3299,1.5454
uniform_motion_s3072_af_fr_gate_t3,分区,ID,406,0.9405,0.12
uniform_motion_s3072_af_fr_gate_t3,分区,r/m-OOD,464,0.8216,0.4339
uniform_motion_s3072_af_fr_gate_t3,分区,v-OOD,841,0.5538,0.7939
uniform_motion_s3072_af_fr_gate_t3,分区,both-OOD,1189,0.6353,0.7561
uniform_motion_s3072_af_fr_gate_t3,步长,h=1,100,0.9928,0.0144
uniform_motion_s3072_af_fr_gate_t3,步长,h=2,100,0.9893,0.0236
uniform_motion_s3072_af_fr_gate_t3,步长,h=4,100,0.9775,0.0496
uniform_motion_s3072_af_fr_gate_t3,步长,h=8,100,0.942,0.1319
uniform_motion_s3072_af_fr_gate_t3,步长,h=16,100,0.6865,0.6656
uniform_motion_s3072_af_fr_gate_t3,步长,h=28,100,0.3143,1.5917
uniform_motion_s3072_af_fr_hgate_s12,分区,ID,406,0.9314,0.1459
uniform_motion_s3072_af_fr_hgate_s12,分区,r/m-OOD,464,0.8127,0.4483
uniform_motion_s3072_af_fr_hgate_s12,分区,v-OOD,841,0.5629,0.8073
uniform_motion_s3072_af_fr_hgate_s12,分区,both-OOD,1189,0.6406,0.7664
uniform_motion_s3072_af_fr_hgate_s12,步长,h=1,100,0.9928,0.0144
uniform_motion_s3072_af_fr_hgate_s12,步长,h=2,100,0.9893,0.0236
uniform_motion_s3072_af_fr_hgate_s12,步长,h=4,100,0.9774,0.0497
uniform_motion_s3072_af_fr_hgate_s12,步长,h=8,100,0.9421,0.132
uniform_motion_s3072_af_fr_hgate_s12,步长,h=16,100,0.6886,0.6545
uniform_motion_s3072_af_fr_hgate_s12,步长,h=28,100,0.2918,1.8032
uniform_motion_s3072_af_fr_shadow075_e5,分区,ID,406,0.8095,0.392
uniform_motion_s3072_af_fr_shadow075_e5,分区,r/m-OOD,464,0.7358,0.6249
uniform_motion_s3072_af_fr_shadow075_e5,分区,v-OOD,841,0.5534,0.8333
uniform_motion_s3072_af_fr_shadow075_e5,分区,both-OOD,1189,0.5774,0.8759
uniform_motion_s3072_af_fr_shadow075_e5,步长,h=1,100,0.9907,0.0197
uniform_motion_s3072_af_fr_shadow075_e5,步长,h=2,100,0.981,0.0465
uniform_motion_s3072_af_fr_shadow075_e5,步长,h=4,100,0.9581,0.1038
uniform_motion_s3072_af_fr_shadow075_e5,步长,h=8,100,0.8976,0.243
uniform_motion_s3072_af_fr_shadow075_e5,步长,h=16,100,0.6007,0.8897
uniform_motion_s3072_af_fr_shadow075_e5,步长,h=28,100,0.2629,1.6722
uniform_motion_s3072_af_fr_shadow_a050,分区,ID,406,0.9392,0.1158
uniform_motion_s3072_af_fr_shadow_a050,分区,r/m-OOD,464,0.8183,0.4259
uniform_motion_s3072_af_fr_shadow_a050,分区,v-OOD,841,0.5676,0.7583
uniform_motion_s3072_af_fr_shadow_a050,分区,both-OOD,1189,0.6469,0.7097
uniform_motion_s3072_af_fr_shadow_a050,步长,h=1,100,0.9928,0.0144
uniform_motion_s3072_af_fr_shadow_a050,步长,h=2,100,0.9887,0.0251
uniform_motion_s3072_af_fr_shadow_a050,步长,h=4,100,0.9767,0.0517
uniform_motion_s3072_af_fr_shadow_a050,步长,h=8,100,0.9415,0.1308
uniform_motion_s3072_af_fr_shadow_a050,步长,h=16,100,0.6936,0.6127
uniform_motion_s3072_af_fr_shadow_a050,步长,h=28,100,0.3254,1.5889
uniform_motion_s3072_af_fr_shadow_a065,分区,ID,406,0.9367,0.1179
uniform_motion_s3072_af_fr_shadow_a065,分区,r/m-OOD,464,0.8156,0.4219
uniform_motion_s3072_af_fr_shadow_a065,分区,v-OOD,841,0.5769,0.729
uniform_motion_s3072_af_fr_shadow_a065,分区,both-OOD,1189,0.6525,0.6819
uniform_motion_s3072_af_fr_shadow_a065,步长,h=1,100,0.9928,0.0144
uniform_motion_s3072_af_fr_shadow_a065,步长,h=2,100,0.9882,0.0261
uniform_motion_s3072_af_fr_shadow_a065,步长,h=4,100,0.9756,0.0543
uniform_motion_s3072_af_fr_shadow_a065,步长,h=8,100,0.9401,0.1342
uniform_motion_s3072_af_fr_shadow_a065,步长,h=16,100,0.6987,0.5865
uniform_motion_s3072_af_fr_shadow_a065,步长,h=28,100,0.331,1.5484
uniform_motion_s3072_af_fr_shadow_a075,分区,ID,406,0.9334,0.1227
uniform_motion_s3072_af_fr_shadow_a075,分区,r/m-OOD,464,0.8126,0.4202
uniform_motion_s3072_af_fr_shadow_a075,分区,v-OOD,841,0.5862,0.699
uniform_motion_s3072_af_fr_shadow_a075,分区,both-OOD,1189,0.6565,0.6578
uniform_motion_s3072_af_fr_shadow_a075,步长,h=1,100,0.9928,0.0144
uniform_motion_s3072_af_fr_shadow_a075,步长,h=2,100,0.9879,0.0269
uniform_motion_s3072_af_fr_shadow_a075,步长,h=4,100,0.9746,0.057
uniform_motion_s3072_af_fr_shadow_a075,步长,h=8,100,0.9384,0.1387
uniform_motion_s3072_af_fr_shadow_a075,步长,h=16,100,0.7032,0.5651
uniform_motion_s3072_af_fr_shadow_a075,步长,h=28,100,0.3398,1.4962
uniform_motion_s3072_af_fr_shadow_a100,分区,ID,406,0.8786,0.2293
uniform_motion_s3072_af_fr_shadow_a100,分区,r/m-OOD,464,0.7764,0.5089
uniform_motion_s3072_af_fr_shadow_a100,分区,v-OOD,841,0.6046,0.592
uniform_motion_s3072_af_fr_shadow_a100,分区,both-OOD,1189,0.6496,0.6049
uniform_motion_s3072_af_fr_shadow_a100,步长,h=1,100,0.9928,0.0144
uniform_motion_s3072_af_fr_shadow_a100,步长,h=2,100,0.9868,0.0293
uniform_motion_s3072_af_fr_shadow_a100,步长,h=4,100,0.9698,0.0686
uniform_motion_s3072_af_fr_shadow_a100,步长,h=8,100,0.9269,0.1697
uniform_motion_s3072_af_fr_shadow_a100,步长,h=16,100,0.6897,0.5398
uniform_motion_s3072_af_fr_shadow_a100,步长,h=28,100,0.3261,1.4038
uniform_motion_s3072_af_fr_zs_a025,分区,ID,406,0.9406,0.1166
uniform_motion_s3072_af_fr_zs_a025,分区,r/m-OOD,464,0.8203,0.4313
uniform_motion_s3072_af_fr_zs_a025,分区,v-OOD,841,0.5584,0.7833
uniform_motion_s3072_af_fr_zs_a025,分区,both-OOD,1189,0.6398,0.7396
uniform_motion_s3072_af_fr_zs_a025,步长,h=1,100,0.9926,0.0148
uniform_motion_s3072_af_fr_zs_a025,步长,h=2,100,0.9891,0.0242
uniform_motion_s3072_af_fr_zs_a025,步长,h=4,100,0.9774,0.0498
uniform_motion_s3072_af_fr_zs_a025,步长,h=8,100,0.9423,0.13
uniform_motion_s3072_af_fr_zs_a025,步长,h=16,100,0.6893,0.6444
uniform_motion_s3072_af_fr_zs_a025,步长,h=28,100,0.3173,1.6036
uniform_motion_s3072_af_fr_zs_a050,分区,ID,406,0.9388,0.1163
uniform_motion_s3072_af_fr_zs_a050,分区,r/m-OOD,464,0.8178,0.4265
uniform_motion_s3072_af_fr_zs_a050,分区,v-OOD,841,0.5673,0.7582
uniform_motion_s3072_af_fr_zs_a050,分区,both-OOD,1189,0.6465,0.7095
uniform_motion_s3072_af_fr_zs_a050,步长,h=1,100,0.992,0.016
uniform_motion_s3072_af_fr_zs_a050,步长,h=2,100,0.9882,0.026
uniform_motion_s3072_af_fr_zs_a050,步长,h=4,100,0.9765,0.052
uniform_motion_s3072_af_fr_zs_a050,步长,h=8,100,0.9415,0.1309
uniform_motion_s3072_af_fr_zs_a050,步长,h=16,100,0.694,0.612
uniform_motion_s3072_af_fr_zs_a050,步长,h=28,100,0.3225,1.591
uniform_motion_s3072_af_fr_zs_a100,分区,ID,406,0.8752,0.234
uniform_motion_s3072_af_fr_zs_a100,分区,r/m-OOD,464,0.7709,0.5204
uniform_motion_s3072_af_fr_zs_a100,分区,v-OOD,841,0.5989,0.5999
uniform_motion_s3072_af_fr_zs_a100,分区,both-OOD,1189,0.6434,0.6134
uniform_motion_s3072_af_fr_zs_a100,步长,h=1,100,0.9896,0.021
uniform_motion_s3072_af_fr_zs_a100,步长,h=2,100,0.9833,0.0365
uniform_motion_s3072_af_fr_zs_a100,步长,h=4,100,0.9672,0.0737
uniform_motion_s3072_af_fr_zs_a100,步长,h=8,100,0.9251,0.1724
uniform_motion_s3072_af_fr_zs_a100,步长,h=16,100,0.6861,0.5453
uniform_motion_s3072_af_fr_zs_a100,步长,h=28,100,0.3105,1.4305
uniform_motion_s42_af_fr,分区,ID,406,0.9095,0.1656
uniform_motion_s42_af_fr,分区,r/m-OOD,464,0.8196,0.4933
uniform_motion_s42_af_fr,分区,v-OOD,841,0.5468,0.8076
uniform_motion_s42_af_fr,分区,both-OOD,1189,0.6512,0.8456
uniform_motion_s42_af_fr,步长,h=1,100,0.9934,0.0173
uniform_motion_s42_af_fr,步长,h=2,100,0.9875,0.0318
uniform_motion_s42_af_fr,步长,h=4,100,0.9735,0.0658
uniform_motion_s42_af_fr,步长,h=8,100,0.9293,0.1751
uniform_motion_s42_af_fr,步长,h=16,100,0.6785,0.698
uniform_motion_s42_af_fr,步长,h=28,100,0.318,1.5775
uniform_motion_s42_af_fr_control_e5,分区,ID,406,0.9134,0.1647
uniform_motion_s42_af_fr_control_e5,分区,r/m-OOD,464,0.8228,0.4789
uniform_motion_s42_af_fr_control_e5,分区,v-OOD,841,0.5448,0.782
uniform_motion_s42_af_fr_control_e5,分区,both-OOD,1189,0.668,0.7873
uniform_motion_s42_af_fr_control_e5,步长,h=1,100,0.9942,0.016
uniform_motion_s42_af_fr_control_e5,步长,h=2,100,0.989,0.0287
uniform_motion_s42_af_fr_control_e5,步长,h=4,100,0.9757,0.0607
uniform_motion_s42_af_fr_control_e5,步长,h=8,100,0.9311,0.1696
uniform_motion_s42_af_fr_control_e5,步长,h=16,100,0.6797,0.6691
uniform_motion_s42_af_fr_control_e5,步长,h=28,100,0.3464,1.4958
uniform_motion_s42_af_fr_gate_t3,分区,ID,406,0.9096,0.1654
uniform_motion_s42_af_fr_gate_t3,分区,r/m-OOD,464,0.8196,0.4933
uniform_motion_s42_af_fr_gate_t3,分区,v-OOD,841,0.5468,0.8076
uniform_motion_s42_af_fr_gate_t3,分区,both-OOD,1189,0.6512,0.8454
uniform_motion_s42_af_fr_gate_t3,步长,h=1,100,0.9934,0.0173
uniform_motion_s42_af_fr_gate_t3,步长,h=2,100,0.9875,0.0318
uniform_motion_s42_af_fr_gate_t3,步长,h=4,100,0.9735,0.0658
uniform_motion_s42_af_fr_gate_t3,步长,h=8,100,0.9293,0.1751
uniform_motion_s42_af_fr_gate_t3,步长,h=16,100,0.6785,0.6978
uniform_motion_s42_af_fr_gate_t3,步长,h=28,100,0.318,1.5775
uniform_motion_s42_af_fr_hgate_s12,分区,ID,406,0.917,0.1614
uniform_motion_s42_af_fr_hgate_s12,分区,r/m-OOD,464,0.8106,0.5397
uniform_motion_s42_af_fr_hgate_s12,分区,v-OOD,841,0.5338,0.8842
uniform_motion_s42_af_fr_hgate_s12,分区,both-OOD,1189,0.6458,0.8975
uniform_motion_s42_af_fr_hgate_s12,步长,h=1,100,0.9934,0.0173
uniform_motion_s42_af_fr_hgate_s12,步长,h=2,100,0.9875,0.0318
uniform_motion_s42_af_fr_hgate_s12,步长,h=4,100,0.9735,0.0658
uniform_motion_s42_af_fr_hgate_s12,步长,h=8,100,0.9293,0.175
uniform_motion_s42_af_fr_hgate_s12,步长,h=16,100,0.6801,0.6946
uniform_motion_s42_af_fr_hgate_s12,步长,h=28,100,0.2815,1.9491
uniform_motion_s42_af_fr_shadow075_e5,分区,ID,406,0.8965,0.1927
uniform_motion_s42_af_fr_shadow075_e5,分区,r/m-OOD,464,0.812,0.5052
uniform_motion_s42_af_fr_shadow075_e5,分区,v-OOD,841,0.5535,0.749
uniform_motion_s42_af_fr_shadow075_e5,分区,both-OOD,1189,0.6576,0.7842
uniform_motion_s42_af_fr_shadow075_e5,步长,h=1,100,0.9933,0.0173
uniform_motion_s42_af_fr_shadow075_e5,步长,h=2,100,0.9826,0.045
uniform_motion_s42_af_fr_shadow075_e5,步长,h=4,100,0.9667,0.0855
uniform_motion_s42_af_fr_shadow075_e5,步长,h=8,100,0.9185,0.2004
uniform_motion_s42_af_fr_shadow075_e5,步长,h=16,100,0.6626,0.6923
uniform_motion_s42_af_fr_shadow075_e5,步长,h=28,100,0.373,1.3754
uniform_motion_s42_af_fr_shadow_a050,分区,ID,406,0.9127,0.1681
uniform_motion_s42_af_fr_shadow_a050,分区,r/m-OOD,464,0.8119,0.5021
uniform_motion_s42_af_fr_shadow_a050,分区,v-OOD,841,0.554,0.8
uniform_motion_s42_af_fr_shadow_a050,分区,both-OOD,1189,0.6548,0.815
uniform_motion_s42_af_fr_shadow_a050,步长,h=1,100,0.9934,0.0173
uniform_motion_s42_af_fr_shadow_a050,步长,h=2,100,0.987,0.033
uniform_motion_s42_af_fr_shadow_a050,步长,h=4,100,0.9724,0.0684
uniform_motion_s42_af_fr_shadow_a050,步长,h=8,100,0.926,0.1801
uniform_motion_s42_af_fr_shadow_a050,步长,h=16,100,0.6785,0.6697
uniform_motion_s42_af_fr_shadow_a050,步长,h=28,100,0.3208,1.6131
uniform_motion_s42_af_fr_shadow_a065,分区,ID,406,0.8972,0.1988
uniform_motion_s42_af_fr_shadow_a065,分区,r/m-OOD,464,0.8075,0.5139
uniform_motion_s42_af_fr_shadow_a065,分区,v-OOD,841,0.5594,0.7865
uniform_motion_s42_af_fr_shadow_a065,分区,both-OOD,1189,0.6542,0.7922
uniform_motion_s42_af_fr_shadow_a065,步长,h=1,100,0.9934,0.0173
uniform_motion_s42_af_fr_shadow_a065,步长,h=2,100,0.9866,0.0339
uniform_motion_s42_af_fr_shadow_a065,步长,h=4,100,0.9713,0.0713
uniform_motion_s42_af_fr_shadow_a065,步长,h=8,100,0.9224,0.1883
uniform_motion_s42_af_fr_shadow_a065,步长,h=16,100,0.6754,0.6655
uniform_motion_s42_af_fr_shadow_a065,步长,h=28,100,0.3177,1.6066
uniform_motion_s42_af_fr_shadow_a075,分区,ID,406,0.8792,0.2191
uniform_motion_s42_af_fr_shadow_a075,分区,r/m-OOD,464,0.8,0.5344
uniform_motion_s42_af_fr_shadow_a075,分区,v-OOD,841,0.5636,0.7712
uniform_motion_s42_af_fr_shadow_a075,分区,both-OOD,1189,0.6535,0.7642
uniform_motion_s42_af_fr_shadow_a075,步长,h=1,100,0.9934,0.0173
uniform_motion_s42_af_fr_shadow_a075,步长,h=2,100,0.9864,0.0347
uniform_motion_s42_af_fr_shadow_a075,步长,h=4,100,0.9702,0.0742
uniform_motion_s42_af_fr_shadow_a075,步长,h=8,100,0.9184,0.1978
uniform_motion_s42_af_fr_shadow_a075,步长,h=16,100,0.671,0.6699
uniform_motion_s42_af_fr_shadow_a075,步长,h=28,100,0.3187,1.555
uniform_motion_s42_af_fr_shadow_a100,分区,ID,406,0.7905,0.3588
uniform_motion_s42_af_fr_shadow_a100,分区,r/m-OOD,464,0.6939,0.7428
uniform_motion_s42_af_fr_shadow_a100,分区,v-OOD,841,0.5565,0.8093
uniform_motion_s42_af_fr_shadow_a100,分区,both-OOD,1189,0.6566,0.7688
uniform_motion_s42_af_fr_shadow_a100,步长,h=1,100,0.9934,0.0173
uniform_motion_s42_af_fr_shadow_a100,步长,h=2,100,0.9854,0.0369
uniform_motion_s42_af_fr_shadow_a100,步长,h=4,100,0.9656,0.0859
uniform_motion_s42_af_fr_shadow_a100,步长,h=8,100,0.8962,0.2497
uniform_motion_s42_af_fr_shadow_a100,步长,h=16,100,0.6183,0.7749
uniform_motion_s42_af_fr_shadow_a100,步长,h=28,100,0.2875,1.6642
uniform_motion_s42_af_fr_zs_a025,分区,ID,406,0.9125,0.1605
uniform_motion_s42_af_fr_zs_a025,分区,r/m-OOD,464,0.8166,0.4966
uniform_motion_s42_af_fr_zs_a025,分区,v-OOD,841,0.5483,0.8079
uniform_motion_s42_af_fr_zs_a025,分区,both-OOD,1189,0.6533,0.836
uniform_motion_s42_af_fr_zs_a025,步长,h=1,100,0.9932,0.0177
uniform_motion_s42_af_fr_zs_a025,步长,h=2,100,0.9874,0.0321
uniform_motion_s42_af_fr_zs_a025,步长,h=4,100,0.9733,0.0662
uniform_motion_s42_af_fr_zs_a025,步长,h=8,100,0.9286,0.1751
uniform_motion_s42_af_fr_zs_a025,步长,h=16,100,0.6796,0.6844
uniform_motion_s42_af_fr_zs_a025,步长,h=28,100,0.315,1.6049
uniform_motion_s42_af_fr_zs_a050,分区,ID,406,0.9125,0.1682
uniform_motion_s42_af_fr_zs_a050,分区,r/m-OOD,464,0.8114,0.503
uniform_motion_s42_af_fr_zs_a050,分区,v-OOD,841,0.5529,0.8008
uniform_motion_s42_af_fr_zs_a050,分区,both-OOD,1189,0.6543,0.8158
uniform_motion_s42_af_fr_zs_a050,步长,h=1,100,0.9927,0.0189
uniform_motion_s42_af_fr_zs_a050,步长,h=2,100,0.9867,0.0336
uniform_motion_s42_af_fr_zs_a050,步长,h=4,100,0.9722,0.069
uniform_motion_s42_af_fr_zs_a050,步长,h=8,100,0.9258,0.1804
uniform_motion_s42_af_fr_zs_a050,步长,h=16,100,0.6785,0.6696
uniform_motion_s42_af_fr_zs_a050,步长,h=28,100,0.3184,1.6162
uniform_motion_s42_af_fr_zs_a100,分区,ID,406,0.786,0.3666
uniform_motion_s42_af_fr_zs_a100,分区,r/m-OOD,464,0.6868,0.7656
uniform_motion_s42_af_fr_zs_a100,分区,v-OOD,841,0.5496,0.828
uniform_motion_s42_af_fr_zs_a100,分区,both-OOD,1189,0.6473,0.7938
uniform_motion_s42_af_fr_zs_a100,步长,h=1,100,0.9906,0.0238
uniform_motion_s42_af_fr_zs_a100,步长,h=2,100,0.9828,0.0431
uniform_motion_s42_af_fr_zs_a100,步长,h=4,100,0.9624,0.0933
uniform_motion_s42_af_fr_zs_a100,步长,h=8,100,0.8923,0.2589
uniform_motion_s42_af_fr_zs_a100,步长,h=16,100,0.6146,0.7889
uniform_motion_s42_af_fr_zs_a100,步长,h=28,100,0.2683,1.716
